message_id,timestamp,asset_id,motor_current_peak_amps,motor_current_avg_amps,throw_duration_ms,vibration_peak_g,ambient_temp_c,label_anomaly
609c38a5-b577-40f0-abff-854de1a3d70c,2026-08-04T09:18:22.905810Z,PM-42-EAST,5.45,3.32,3075,0.093,16.5,0
d5090599-57d6-41e3-8386-18e07be1b1ec,2026-08-04T10:00:22.905810Z,PM-42-EAST,5.05,3.36,3184,0.126,39.5,0
d26af542-6ae1-4cda-bd20-fa9618ad629c,2026-08-04T09:36:22.905810Z,PM-42-EAST,5.09,3.49,2802,0.109,22.1,0
ff8138e4-8466-48f5-adee-10d60d8dd300,2026-08-04T11:39:22.905810Z,PM-42-EAST,4.67,3.76,2863,0.085,33.5,0
95b8e8f9-edf7-48a4-b63c-e4f3c6efe185,2026-08-04T12:34:22.905810Z,PM-42-EAST,4.77,3.73,2847,0.098,29.0,0
d1d4d74b-506f-4f1c-9c42-fbf1cbe671ec,2026-08-04T13:18:22.905810Z,PM-42-EAST,5.12,3.04,3004,0.097,26.0,0
2255f1eb-0587-4c6c-97ac-7a25cb400cbd,2026-08-04T12:42:22.905810Z,PM-42-EAST,5.06,3.15,2959,0.099,21.6,0
78bbc897-1bb0-4701-bddf-5dc4728076ca,2026-08-04T15:15:22.905810Z,PM-42-EAST,4.99,3.54,2989,0.067,35.8,0
a237804d-1441-42ba-8c33-c5970869b5fd,2026-08-04T15:58:22.905810Z,PM-42-EAST,7.7,4.85,4250,0.373,20.3,1
10647a8d-ca24-42da-8f7d-e9c5067b352d,2026-08-04T17:15:22.905810Z,PM-42-EAST,5.26,3.53,2829,0.051,23.4,0
3850c86d-4100-4fc0-9e02-7de99c2caef3,2026-08-04T16:28:22.905810Z,PM-42-EAST,4.71,3.55,2896,0.086,29.2,0
10a83fe0-ecae-4a6b-9186-cf9ef25e5ad4,2026-08-04T19:01:22.905810Z,PM-42-EAST,5.21,3.15,3194,0.051,33.9,0
f249e888-0451-46dc-8d53-412b40994bc5,2026-08-04T16:18:22.905810Z,PM-42-EAST,5.0,3.5,2918,0.124,19.0,0
cd64c70c-7543-4f4c-a548-f323237253b7,2026-08-04T12:46:22.905810Z,PM-42-EAST,5.12,3.76,3074,0.054,30.5,0
f652fa10-d8d1-412d-a314-dfa09bc2d247,2026-08-04T14:12:22.905810Z,PM-42-EAST,5.46,3.58,2881,0.117,34.2,0
382d6923-83cc-47c6-bf65-8f270b020713,2026-08-04T21:18:22.905810Z,PM-42-EAST,4.5,3.52,2994,0.109,26.7,0
c65a7949-aefb-4517-9c3b-aa9fd6cd8afc,2026-08-04T11:58:22.905810Z,PM-42-EAST,6.76,4.88,4948,0.48,33.3,1
84514e80-3812-4901-98da-2b4041ebd072,2026-08-04T19:47:22.905810Z,PM-42-EAST,5.31,3.15,2880,0.098,30.0,0
1de9e971-f077-452a-aa55-6407bca52ef0,2026-08-04T21:18:22.905810Z,PM-42-EAST,7.05,5.81,3896,0.405,35.1,1
cba8f020-d2ec-409d-851f-3aff375a3a30,2026-08-04T21:58:22.905810Z,PM-42-EAST,6.84,5.61,3885,0.271,32.4,1
5670f7e1-c31f-4b6e-9892-e36ae85884f0,2026-08-04T15:58:22.905810Z,PM-42-EAST,4.96,3.62,3055,0.092,21.9,0
eea3c84c-aad8-48cd-9665-2fb1b2011ff1,2026-08-05T06:18:22.905810Z,PM-42-EAST,8.12,5.15,4392,0.435,30.7,1
256696b3-fe16-4239-9a7a-1f2481afa70c,2026-08-04T11:52:22.905810Z,PM-42-EAST,4.86,3.59,2908,0.133,26.1,0
632bb9a4-6e83-4cde-b2f6-263626138e13,2026-08-04T19:39:22.905810Z,PM-42-EAST,8.11,4.78,4391,0.366,30.3,1
dd674ac7-3ff1-4dcd-b573-f46cb3739c40,2026-08-04T13:18:22.905810Z,PM-42-EAST,4.62,3.63,2808,0.086,37.0,0
e4b30c67-6448-4ceb-b974-9c1bce3b72b1,2026-08-05T07:23:22.905810Z,PM-42-EAST,4.5,3.13,3137,0.081,39.3,0
226e2e34-22a4-4075-92a0-6e44b2189f91,2026-08-04T15:22:22.905810Z,PM-42-EAST,4.88,3.41,2928,0.13,20.3,0
18951a0d-7086-4a8a-9a10-1bee5e6a304c,2026-08-05T01:30:22.905810Z,PM-42-EAST,4.75,3.69,2920,0.111,39.1,0
078d23f6-f715-4a74-bb03-5d588a12bd8f,2026-08-05T12:22:22.905810Z,PM-42-EAST,5.13,3.17,3091,0.065,29.7,0
1da8cbec-4cac-4c8d-a7ec-bf4c266f3351,2026-08-04T20:54:22.905810Z,PM-42-EAST,5.45,3.55,2971,0.054,25.9,0
ee223888-6c6a-449f-b2ba-9386ca6175fd,2026-08-04T20:48:22.905810Z,PM-42-EAST,5.4,3.48,2838,0.092,18.8,0
8f23f455-24ed-4ae8-9cdd-2c8cec1d2b47,2026-08-05T15:47:22.905810Z,PM-42-EAST,5.4,3.13,2895,0.102,33.4,0
8e5bf4b7-803f-45e8-a186-bd1bbfaa8c91,2026-08-05T09:50:22.905810Z,PM-42-EAST,5.35,3.08,2923,0.077,28.9,0
8675a9c3-ea14-469b-9010-a9db707d4ac1,2026-08-05T17:12:22.905810Z,PM-42-EAST,5.29,3.65,2900,0.132,24.1,0
1aa837fe-776e-425e-a000-c15ee49f9917,2026-08-05T02:52:22.905810Z,PM-42-EAST,5.24,3.4,3178,0.083,33.6,0
e9cb11c2-0267-42da-a6aa-a1b1ea538d68,2026-08-04T13:23:22.905810Z,PM-42-EAST,5.06,3.74,2956,0.108,33.7,0
d5cc0b68-1b91-4da2-8e4c-831e00c1155a,2026-08-04T23:06:22.905810Z,PM-42-EAST,4.86,3.16,3101,0.1,23.8,0
b1250822-9aab-4554-ba30-e67380e67c36,2026-08-05T14:17:22.905810Z,PM-42-EAST,4.94,3.03,2986,0.089,21.8,0
0166546c-df3a-4864-9d86-a0697045b764,2026-08-05T20:46:22.905810Z,PM-42-EAST,4.72,3.74,2945,0.068,18.0,0
669e8b8e-4123-450d-9598-a424faadc430,2026-08-05T01:33:22.905810Z,PM-42-EAST,5.37,3.14,2959,0.091,22.9,0
cd0d03a3-1336-48fe-a85a-f1dca60fa62e,2026-08-05T14:38:22.905810Z,PM-42-EAST,4.71,3.39,2877,0.1,34.9,0
6f23c87f-fa4c-4b1d-8cfd-a803fc334cd5,2026-08-05T04:26:22.905810Z,PM-42-EAST,5.49,3.33,2929,0.078,17.0,0
82f03232-426a-4c76-8556-634f62128c16,2026-08-05T04:12:22.905810Z,PM-42-EAST,5.27,3.75,2929,0.096,25.7,0
bcad398c-7e92-42d2-8f90-d448322a970a,2026-08-05T16:07:22.905810Z,PM-42-EAST,5.26,3.77,3118,0.147,31.0,0
b3e80650-124a-46c5-9f15-35b6190d5cb5,2026-08-05T05:06:22.905810Z,PM-42-EAST,4.73,3.44,3006,0.078,25.7,0
ea3a3936-acb9-41c3-a175-7a4a33486517,2026-08-06T02:33:22.905810Z,PM-42-EAST,4.54,3.63,2858,0.074,18.1,0
015887d8-ca73-4eb9-a5f8-ed5e6e02f260,2026-08-05T09:50:22.905810Z,PM-42-EAST,4.9,3.0,3140,0.138,25.7,0
0b039bbf-1933-4394-814d-917861543a9a,2026-08-06T08:18:22.905810Z,PM-42-EAST,5.48,3.35,2958,0.095,38.4,0
822a213d-8f4f-4020-9d24-d2098e9342dd,2026-08-05T10:54:22.905810Z,PM-42-EAST,5.46,3.55,3062,0.131,24.1,0
e6a0d146-bed5-4e03-af11-989d05bbdf92,2026-08-05T03:16:22.905810Z,PM-42-EAST,4.74,3.49,2965,0.089,32.1,0
32a95af2-550d-4915-b55f-df51a1ebd53e,2026-08-06T07:58:22.905810Z,PM-42-EAST,5.41,3.3,2937,0.064,16.6,0
fe53f9f8-18a0-4a03-ade7-71c9342bf868,2026-08-06T06:21:22.905810Z,PM-42-EAST,5.05,3.05,3179,0.057,20.7,0
2825cd79-b3d0-4d49-9c12-aefa55e91b99,2026-08-05T00:02:22.905810Z,PM-42-EAST,4.81,3.28,2983,0.106,16.8,0
124a90c8-c586-4ac7-9b91-f4b3eba1f93b,2026-08-04T19:01:22.905810Z,PM-42-EAST,4.71,3.74,3058,0.094,16.8,0
9b543289-8e2c-4f09-8415-1bcb766b6195,2026-08-05T08:42:22.905810Z,PM-42-EAST,4.51,3.11,3053,0.12,29.5,0
f13e9e6b-b639-429d-9b0d-b5d2432d7224,2026-08-05T22:53:22.905810Z,PM-42-EAST,4.75,3.15,2814,0.117,30.7,0
2b1bfd04-14c5-4501-a4c6-134a43443140,2026-08-04T13:58:22.905810Z,PM-42-EAST,7.61,5.74,4156,0.364,18.8,1
0d3a9ed7-bec3-4c6f-ae3b-3d883935e878,2026-08-04T17:51:22.905810Z,PM-42-EAST,4.62,3.65,2820,0.092,26.7,0
c55e55a7-6254-4da3-980b-a439214b8c0e,2026-08-06T09:38:22.905810Z,PM-42-EAST,5.18,3.76,3154,0.123,38.1,0
441df815-b06e-4439-9376-9af193c59d62,2026-08-05T16:46:22.905810Z,PM-42-EAST,4.72,3.09,2944,0.063,32.5,0
a29d0178-e67a-4b10-81ff-9f026829d403,2026-08-05T19:18:22.905810Z,PM-42-EAST,4.68,3.64,3188,0.104,19.4,0
3d7c68a9-4da0-4a75-867e-2e01e91a70e2,2026-08-06T12:08:22.905810Z,PM-42-EAST,5.47,3.0,2906,0.073,36.8,0
b9981ab7-3f96-4f2f-8e3a-d27f3fd04d61,2026-08-06T06:46:22.905810Z,PM-42-EAST,5.03,3.38,2891,0.129,29.9,0
14699a1f-6431-4354-b38b-342430246631,2026-08-05T17:51:22.905810Z,PM-42-EAST,4.69,3.74,2800,0.071,23.9,0
9eb1b986-f609-4263-84b8-2d2d05fe4d87,2026-08-05T15:10:22.905810Z,PM-42-EAST,4.6,3.04,3139,0.083,22.7,0
bb5a2052-852d-4866-b27f-9fa689631c8f,2026-08-05T08:03:22.905810Z,PM-42-EAST,5.47,3.43,2969,0.118,15.4,0
5e4a4826-71e4-4498-9ff5-f89d378fb6c4,2026-08-05T06:12:22.905810Z,PM-42-EAST,5.37,3.66,3173,0.139,23.6,0
d1027834-b81b-4c81-ad36-990b22eaa907,2026-08-06T10:26:22.905810Z,PM-42-EAST,4.83,3.33,2993,0.107,33.8,0
9f052028-d483-4395-99d8-c063a79d7f87,2026-08-04T14:58:22.905810Z,PM-42-EAST,4.59,3.05,2985,0.06,15.9,0
2a18174f-e6ba-4923-8556-df8dd3a756cb,2026-08-06T10:45:22.905810Z,PM-42-EAST,4.87,3.33,2804,0.134,22.8,0
ffb1a9bf-921b-4399-92a9-4971e927d291,2026-08-06T06:48:22.905810Z,PM-42-EAST,5.35,3.26,2882,0.107,25.6,0
e93220ca-e5a6-48d5-a7ba-c5e04bf6bd93,2026-08-05T11:20:22.905810Z,PM-42-EAST,4.78,3.79,3087,0.119,35.5,0
620a1f78-bbd7-49d9-ba08-091dac2252d0,2026-08-06T05:42:22.905810Z,PM-42-EAST,5.0,3.3,2986,0.054,37.5,0
408b6269-7802-4e8f-8b16-8ad6ee2f65e2,2026-08-05T09:38:22.905810Z,PM-42-EAST,5.02,3.79,3031,0.065,34.5,0
de98fd42-f10a-41cf-b016-23f74e127e8c,2026-08-04T20:24:22.905810Z,PM-42-EAST,4.67,3.42,3070,0.133,19.7,0
6614f59d-0a68-4d1c-a729-97336080ea6a,2026-08-06T11:18:22.905810Z,PM-42-EAST,5.23,3.67,3195,0.058,19.0,0
8562b645-205f-43ce-94c7-ce68de2e5e88,2026-08-06T01:50:22.905810Z,PM-42-EAST,4.55,3.29,2834,0.071,27.2,0
906a7b13-5b3e-4ee1-a41b-a75ab4d01b7e,2026-08-05T17:23:22.905810Z,PM-42-EAST,4.69,3.47,2976,0.103,38.8,0
fbe546c8-69ea-420f-a587-df22f44a477a,2026-08-07T01:00:22.905810Z,PM-42-EAST,5.13,3.49,2889,0.094,28.5,0
a9533d0d-26dc-452b-b538-a25b455756ad,2026-08-06T00:48:22.905810Z,PM-42-EAST,7.57,4.6,4592,0.353,35.4,1
2c9661b6-e408-4e01-99e7-9d461ba84647,2026-08-05T09:18:22.905810Z,PM-42-EAST,6.99,5.09,4748,0.317,39.1,1
ad3b69ba-a094-455e-b79b-9b08db0c97c8,2026-08-04T21:27:22.905810Z,PM-42-EAST,5.37,3.7,3069,0.104,24.1,0
67037810-4352-4bf3-ab02-87b2c50ee5b9,2026-08-05T08:32:22.905810Z,PM-42-EAST,4.93,3.69,2959,0.145,33.2,0
e2493e08-4470-4163-9e6e-24589c3926e5,2026-08-07T10:37:22.905810Z,PM-42-EAST,4.93,3.14,3135,0.137,16.6,0
fcef7ae0-71ac-4a91-836f-21829f35546c,2026-08-07T21:18:22.905810Z,PM-42-EAST,5.0,3.56,2938,0.083,21.8,0
b5c7d152-34d9-4abc-9ebb-6fe37b97e88f,2026-08-04T23:28:22.905810Z,PM-42-EAST,5.29,3.54,2886,0.142,33.2,0
96a9779e-0d5a-468d-b0c3-55ee3de097a9,2026-08-06T17:12:22.905810Z,PM-42-EAST,5.18,3.33,2905,0.093,28.6,0
19f9798d-a64b-49e0-89fa-5c1b8b47b5cb,2026-08-07T21:24:22.905810Z,PM-42-EAST,4.52,3.71,3039,0.091,20.1,0
4c90fa69-da70-4168-8023-e3e7aeabc992,2026-08-07T16:30:22.905810Z,PM-42-EAST,4.58,3.71,3031,0.114,18.8,0
4766f1fa-7b93-4093-968c-54a05f2e823e,2026-08-05T19:25:22.905810Z,PM-42-EAST,5.29,3.56,2816,0.129,28.9,0
9eb54e43-f48c-4256-9429-0beb4ea1513b,2026-08-05T09:18:22.905810Z,PM-42-EAST,4.83,3.5,2942,0.137,34.3,0
5ef7f46c-7ea8-488f-9fd7-e57c0ee27dca,2026-08-06T06:48:22.905810Z,PM-42-EAST,5.43,3.39,3190,0.072,39.2,0
5d09ebae-0b6a-46ee-bee0-6ec8fbb05bff,2026-08-06T05:46:22.905810Z,PM-42-EAST,5.49,3.02,3053,0.101,29.3,0
1b5778c0-8714-4344-9afb-d45ce54963b8,2026-08-05T22:30:22.905810Z,PM-42-EAST,4.97,3.03,2987,0.051,33.2,0
d04c1cf7-e135-4dbd-81c0-15b1d1fc09a5,2026-08-05T16:38:22.905810Z,PM-42-EAST,4.56,3.61,2818,0.058,16.8,0
22dacccd-7236-4323-93e2-ff502b285145,2026-08-07T14:53:22.905810Z,PM-42-EAST,5.35,3.6,2939,0.087,36.0,0
e0982d4e-ba0a-4728-9b57-f98509d7fe8a,2026-08-05T17:18:22.905810Z,PM-42-EAST,5.41,3.46,2995,0.146,35.5,0
5404bb04-ade1-4ade-a379-805bbf234403,2026-08-07T22:59:22.905810Z,PM-42-EAST,5.21,3.59,2980,0.066,38.4,0
0e1f1197-838d-4bc0-847b-4f8ad9782588,2026-08-06T07:02:22.905810Z,PM-42-EAST,4.81,3.17,2864,0.121,37.6,0
13940663-b34d-4ab0-9183-b540e1cfb67b,2026-08-06T09:09:22.905810Z,PM-42-EAST,5.0,3.38,3109,0.127,15.3,0
900e04bf-af24-413b-9492-c9aaed187dc7,2026-08-06T19:38:22.905810Z,PM-42-EAST,4.61,3.07,3135,0.081,30.1,0
6fa901a5-9ce1-4206-8537-105107e1a6e8,2026-08-05T07:11:22.905810Z,PM-42-EAST,4.63,3.43,3182,0.145,31.8,0
7d69264f-8bbf-4cb5-8cb6-3c26911ca976,2026-08-05T21:00:22.905810Z,PM-42-EAST,5.43,3.53,2860,0.146,21.5,0
f74f37f1-23da-4d21-a966-9f64bbfc3c92,2026-08-07T19:42:22.905810Z,PM-42-EAST,5.03,3.64,3067,0.068,21.5,0
01087654-a60d-4308-881a-d598203cf934,2026-08-07T08:22:22.905810Z,PM-42-EAST,5.38,3.75,2898,0.137,26.2,0
a0935bff-41d8-42ba-87a7-b21e192933d1,2026-08-07T14:18:22.905810Z,PM-42-EAST,7.37,5.54,4240,0.271,21.0,1
d2df2b0d-dd0e-4eda-9957-48e55d41bab5,2026-08-06T21:22:22.905810Z,PM-42-EAST,4.54,3.27,3162,0.141,25.4,0
0c629d9b-73a5-4feb-a6ef-93a38977671a,2026-08-07T22:54:22.905810Z,PM-42-EAST,5.24,3.37,2985,0.052,37.6,0
8969c918-e965-4fb0-b8b3-78518081e949,2026-08-08T10:30:22.905810Z,PM-42-EAST,5.02,3.24,2881,0.072,21.6,0
a108ce0e-85f2-40fb-a8c6-26406219bac1,2026-08-05T16:11:22.905810Z,PM-42-EAST,5.22,3.08,3060,0.15,36.2,0
a65f3569-4662-487b-8189-c500b25daed4,2026-08-06T14:28:22.905810Z,PM-42-EAST,5.08,3.45,3020,0.075,21.5,0
c29d384f-2cf9-45c3-a667-f3150f34a4d6,2026-08-08T11:21:22.905810Z,PM-42-EAST,5.29,3.47,2834,0.094,33.1,0
bb00a35e-da08-4e25-ae62-084d41786e61,2026-08-05T05:50:22.905810Z,PM-42-EAST,4.59,3.32,2912,0.061,21.5,0
989b17e9-7d87-41ea-a6c2-72c17254aea2,2026-08-08T18:46:22.905810Z,PM-42-EAST,4.85,3.38,3181,0.069,31.8,0
044bb565-3fcc-44e4-a508-9979e6f9b34e,2026-08-08T00:42:22.905810Z,PM-42-EAST,5.12,3.51,2879,0.083,22.9,0
6feb4cb1-672b-4646-b95e-9353dd8108e0,2026-08-08T20:38:22.905810Z,PM-42-EAST,7.83,5.71,3895,0.359,21.4,1
827d9dbd-d3d3-43c5-8202-9c0fb43eef4a,2026-08-05T06:34:22.905810Z,PM-42-EAST,5.5,3.7,3109,0.102,30.0,0
fd788cfa-83eb-46b0-97b7-60ee1d91afe5,2026-08-08T06:54:22.905810Z,PM-42-EAST,4.72,3.27,3116,0.109,28.6,0
3a8196ff-7fa4-445a-a32a-a7dbb39af8d2,2026-08-07T12:02:22.905810Z,PM-42-EAST,4.74,3.37,3125,0.076,39.6,0
be3c241f-b9d5-4663-a615-e9e7b947b918,2026-08-09T08:18:22.905810Z,PM-42-EAST,4.65,3.07,3171,0.082,33.9,0
640d94de-cc60-4704-a48d-20d0599f52ca,2026-08-06T13:18:22.905810Z,PM-42-EAST,5.32,3.72,2955,0.139,36.6,0
74ef72f9-ccfa-4d07-8adf-d459c1b94b28,2026-08-09T10:18:22.905810Z,PM-42-EAST,5.18,3.19,2841,0.071,25.2,0
a97bf4e0-bbf6-4119-a895-7cf8aa7f9a2c,2026-08-09T05:12:22.905810Z,PM-42-EAST,5.26,3.73,3091,0.125,19.2,0
b7e53a07-1fee-421d-9018-1c1ec6788462,2026-08-07T15:12:22.905810Z,PM-42-EAST,4.71,3.66,2883,0.142,17.1,0
14a42832-1546-4c12-9dd7-8b9a14b725ba,2026-08-08T12:30:22.905810Z,PM-42-EAST,5.35,3.72,2987,0.067,17.7,0
2729fe55-d17f-43c1-a294-60dd481b6b94,2026-08-07T16:28:22.905810Z,PM-42-EAST,5.07,3.57,2987,0.067,38.4,0
c38065fb-199f-4bcf-9cb8-4c0774fd1dac,2026-08-08T18:18:22.905810Z,PM-42-EAST,5.02,3.63,3058,0.089,35.0,0
9d457992-02d8-4c4d-97fb-6658eb1915f2,2026-08-08T10:40:22.905810Z,PM-42-EAST,5.42,3.14,2952,0.089,21.9,0
d901c2c0-a658-4614-97c3-bec1cc99f2fe,2026-08-09T10:54:22.905810Z,PM-42-EAST,4.71,3.31,3187,0.089,29.5,0
466d79cb-c8a9-492a-9a0e-e193f368c254,2026-08-05T00:21:22.905810Z,PM-42-EAST,4.82,3.27,3061,0.124,22.8,0
f7bdbb06-cc34-4aba-95b9-2b1b58976651,2026-08-05T11:18:22.905810Z,PM-42-EAST,7.42,4.95,4434,0.431,19.9,1
848db302-ac3e-4a70-8f39-22ca1ff178bd,2026-08-04T20:13:22.905810Z,PM-42-EAST,5.2,3.15,3057,0.08,25.9,0
95f94be9-aaac-4951-a30e-3fa0846b5292,2026-08-04T22:30:22.905810Z,PM-42-EAST,4.78,3.28,3026,0.143,32.4,0
10b5e56a-2e74-4550-a677-d08e71b7b24e,2026-08-05T00:49:22.905810Z,PM-42-EAST,4.83,3.45,2852,0.086,32.7,0
d0dbc1a3-a4c7-41ed-a78f-4cb02fe38bcd,2026-08-08T04:52:22.905810Z,PM-42-EAST,5.1,3.25,2855,0.122,32.9,0
a9cb20c8-9ad6-46cf-89f9-bd31e29f132e,2026-08-09T08:33:22.905810Z,PM-42-EAST,4.84,3.41,2889,0.082,37.1,0
bd65bcf7-4866-4f27-aaee-97312c01ead3,2026-08-09T02:38:22.905810Z,PM-42-EAST,4.53,3.49,2806,0.076,18.0,0
88d59819-e4d1-4b68-a6c0-cdeda90a9c93,2026-08-04T23:00:22.905810Z,PM-42-EAST,5.18,3.51,3010,0.114,33.8,0
dffa6171-97d8-42e7-87b0-fcc349baac49,2026-08-09T22:42:22.905810Z,PM-42-EAST,5.23,3.52,3071,0.074,26.7,0
771f0eb7-f735-4c8c-b75a-bb18a462fbf9,2026-08-06T07:38:22.905810Z,PM-42-EAST,4.71,3.79,2868,0.144,25.3,0
2d4dc554-9548-4b00-b89c-2436edc58c92,2026-08-06T19:38:22.905810Z,PM-42-EAST,5.35,3.19,3029,0.116,36.5,0
3410a360-8a91-48e5-b8e3-9a2b71ab27f8,2026-08-09T11:30:22.905810Z,PM-42-EAST,5.4,3.08,3144,0.133,18.2,0
6f8848e4-bca0-4d1f-b7cc-102f3707936d,2026-08-05T04:14:22.905810Z,PM-42-EAST,5.48,3.71,3072,0.111,32.0,0
16f59230-4c3d-447f-b9f1-abba68d0e454,2026-08-08T01:29:22.905810Z,PM-42-EAST,5.43,3.33,2854,0.135,36.2,0
06d0cc9b-b41d-40f2-8efd-69932091697e,2026-08-10T09:18:22.905810Z,PM-42-EAST,4.73,3.37,2825,0.119,16.8,0
4598139c-2d27-4f63-bc34-f3f51f91af32,2026-08-08T00:18:22.905810Z,PM-42-EAST,4.75,3.54,3075,0.13,23.9,0
fb613392-7b7d-42af-b500-f7e4e4ec008b,2026-08-05T14:30:22.905810Z,PM-42-EAST,4.66,3.16,2806,0.122,20.9,0
35878d92-7d3f-4f12-8290-96964712abcc,2026-08-08T03:57:22.905810Z,PM-42-EAST,6.8,5.46,4378,0.386,33.2,1
bc72eb4a-71a5-4791-bc78-d22980a2513f,2026-08-09T05:14:22.905810Z,PM-42-EAST,5.07,3.67,3053,0.096,21.3,0
db6ac64c-02b0-4d25-bff3-52ba74543eb8,2026-08-08T02:42:22.905810Z,PM-42-EAST,4.67,3.79,2900,0.127,26.6,0
1506f7d9-c69a-4596-b523-60c82e57fbcf,2026-08-10T05:18:22.905810Z,PM-42-EAST,4.86,3.63,2846,0.127,39.2,0
3d96d63a-7a13-4a48-acd7-bdb07e322c64,2026-08-06T16:40:22.905810Z,PM-42-EAST,4.73,3.11,2873,0.091,22.2,0
c4adacc0-25a7-43f5-8d7e-54f090af157e,2026-08-05T08:06:22.905810Z,PM-42-EAST,5.01,3.61,2871,0.101,18.2,0
1cea7f88-6fce-4ed1-a531-06c09c49d479,2026-08-06T14:51:22.905810Z,PM-42-EAST,5.3,3.15,2875,0.101,36.0,0
c572f2d9-f612-4491-959d-0fe8cc8ccf7a,2026-08-06T12:38:22.905810Z,PM-42-EAST,5.43,3.16,3064,0.053,34.2,0
6c903640-6904-47f5-8fd8-bdb4ba7cf5d3,2026-08-05T16:18:22.905810Z,PM-42-EAST,4.68,3.65,2902,0.084,33.5,0
df6049d4-8814-437a-ad41-62ff4bb9e822,2026-08-04T22:18:22.905810Z,PM-42-EAST,4.74,3.09,3147,0.131,31.5,0
6cf5843f-4c99-4431-887f-82cf10c7c6b6,2026-08-09T12:17:22.905810Z,PM-42-EAST,6.56,5.55,4673,0.264,17.2,1
16cb71c0-9b95-4aaa-bc20-c7c35155643a,2026-08-05T22:10:22.905810Z,PM-42-EAST,4.55,3.45,3102,0.063,33.8,0
33ff9bb6-0c02-49fc-b9d2-7c3a01043885,2026-08-09T16:30:22.905810Z,PM-42-EAST,5.33,3.26,2888,0.088,18.4,0
5e2788ca-1fc2-46a5-8c6d-f2d1cf1b3e5b,2026-08-05T01:18:22.905810Z,PM-42-EAST,4.85,3.72,3116,0.111,31.2,0
d0b48c31-de8b-4d6c-9ac0-f603402525f2,2026-08-06T20:20:22.905810Z,PM-42-EAST,4.63,3.75,3199,0.054,31.5,0
713630c6-a696-47a1-be9e-5124b87a2f0f,2026-08-07T10:12:22.905810Z,PM-42-EAST,5.4,3.53,3029,0.111,37.9,0
4269e0d7-d80f-46c5-b374-9e4a99a7b042,2026-08-07T18:48:22.905810Z,PM-42-EAST,5.49,3.43,2904,0.077,36.8,0
aa66e389-e8d5-4a9a-8523-35cef79e530e,2026-08-06T18:42:22.905810Z,PM-42-EAST,5.41,3.73,2909,0.082,17.1,0
951c6975-8810-48c9-bbbc-cf505417255a,2026-08-10T11:03:22.905810Z,PM-42-EAST,5.15,3.21,2998,0.062,18.8,0
cc70b292-1637-48dd-a98a-1f2b07884823,2026-08-06T00:02:22.905810Z,PM-42-EAST,5.27,3.75,3183,0.128,35.4,0
37aa53ae-2f4f-41e7-b22b-70571d91bd57,2026-08-07T20:48:22.905810Z,PM-42-EAST,5.47,3.27,2897,0.078,21.8,0
61d9d3b3-8e9b-4c83-a3c2-fa70a568f92c,2026-08-10T05:18:22.905810Z,PM-42-EAST,5.23,3.36,2847,0.134,32.2,0
5d4225f6-a7dc-43af-b0ec-2dd326b920b2,2026-08-07T04:54:22.905810Z,PM-42-EAST,5.36,3.06,2918,0.134,37.8,0
f79578b5-8e2f-440e-ba06-55ca42d4fba1,2026-08-10T23:58:22.905810Z,PM-42-EAST,4.58,3.75,2964,0.08,35.0,0
9fe4b891-39dc-44ad-9a24-ff0ce3110073,2026-08-10T07:48:22.905810Z,PM-42-EAST,5.19,3.14,2895,0.149,29.8,0
580d2095-d5f2-4b19-8f70-0ad577343ea7,2026-08-11T13:18:22.905810Z,PM-42-EAST,5.1,3.36,2833,0.07,25.3,0
57476ee6-df11-4435-b398-bf3364a5b7ca,2026-08-05T02:36:22.905810Z,PM-42-EAST,4.89,3.49,3045,0.099,24.3,0
2a5e29ac-c9fa-4d2b-a182-24920e15d5da,2026-08-07T18:30:22.905810Z,PM-42-EAST,5.21,3.35,2973,0.143,33.2,0
2a96bd83-0935-44c0-b13d-977b581bf0a8,2026-08-09T17:38:22.905810Z,PM-42-EAST,5.08,3.49,3186,0.101,16.6,0
0f390bf8-0b69-4637-9fc7-16dc882829bd,2026-08-09T00:46:22.905810Z,PM-42-EAST,5.27,3.76,3082,0.132,17.7,0
73428b5a-fbe3-4a50-8a1e-9ffa91f303fb,2026-08-06T11:27:22.905810Z,PM-42-EAST,4.61,3.56,2879,0.085,17.9,0
34d75a1b-0823-4607-bd74-691287ee6ecf,2026-08-08T08:14:22.905810Z,PM-42-EAST,5.04,3.79,3196,0.084,23.3,0
b128746a-c7aa-4eda-a1fe-9d0fa87d4d7f,2026-08-09T17:35:22.905810Z,PM-42-EAST,4.81,3.43,3178,0.087,16.1,0
6d36331c-dd54-463c-90d8-06c137856795,2026-08-05T12:18:22.905810Z,PM-42-EAST,5.35,3.39,3196,0.135,37.6,0
630593c6-41ad-4ce8-a84f-9bc2f5fc3c9a,2026-08-11T07:13:22.905810Z,PM-42-EAST,4.96,3.72,3084,0.105,18.8,0
ffc9bcb8-c6b4-4315-9344-034635ad222a,2026-08-11T05:06:22.905810Z,PM-42-EAST,5.36,3.68,2828,0.09,31.0,0
7fdf4a29-fe54-44ad-a333-949170d2b873,2026-08-08T23:06:22.905810Z,PM-42-EAST,4.54,3.56,2888,0.062,37.7,0
8a55fdc9-e4af-4ba8-b0c6-a99bbb26409a,2026-08-06T07:18:22.905810Z,PM-42-EAST,4.52,3.22,3183,0.146,16.8,0
4666560c-cb48-4c65-93da-67ad21543fc9,2026-08-07T23:38:22.905810Z,PM-42-EAST,5.01,3.67,2952,0.094,28.7,0
e00e035f-6ced-4449-b90f-e334cd47ab9e,2026-08-07T05:30:22.905810Z,PM-42-EAST,4.78,3.61,3025,0.112,35.1,0
82c253da-1cf7-44f2-a669-83c7224f4f69,2026-08-08T06:48:22.905810Z,PM-42-EAST,5.38,3.12,2979,0.119,20.7,0
03f4ba69-617b-439a-a310-955eb253ef56,2026-08-06T11:26:22.905810Z,PM-42-EAST,4.83,3.48,2833,0.112,27.1,0
44b20d8a-c3fe-4c91-a79a-28a1dbdd0add,2026-08-11T20:51:22.905810Z,PM-42-EAST,5.43,3.71,2830,0.094,32.7,0
8768e5b1-1c6e-40d6-974b-dadaab2f88c3,2026-08-11T09:08:22.905810Z,PM-42-EAST,5.08,3.62,3021,0.142,36.7,0
7358f61b-87b7-41d8-ba8d-894bc4b21d47,2026-08-07T07:20:22.905810Z,PM-42-EAST,4.85,3.67,3043,0.072,18.6,0
9d3cde0d-39c1-4246-b6a4-f55470465181,2026-08-07T14:06:22.905810Z,PM-42-EAST,5.31,3.29,3121,0.1,15.7,0
a5743730-9573-42c3-98e7-4d98b2991b76,2026-08-05T11:02:22.905810Z,PM-42-EAST,5.28,3.74,3035,0.098,21.1,0
2e212a7f-7fe7-40d8-af8d-71afa1242ede,2026-08-10T07:34:22.905810Z,PM-42-EAST,5.39,3.25,3015,0.127,16.7,0
116a3585-f161-4295-b114-faeb96f4e1fb,2026-08-09T03:03:22.905810Z,PM-42-EAST,4.71,3.66,3019,0.112,28.4,0
318f0d89-54db-4e8e-a066-41b5abdc466c,2026-08-10T02:30:22.905810Z,PM-42-EAST,5.32,3.46,3091,0.087,39.1,0
95293c99-b9fe-4e23-848e-f03a5689d285,2026-08-08T11:48:22.905810Z,PM-42-EAST,4.55,3.09,2927,0.06,16.6,0
81fcc52d-74d9-4d18-beb8-12f1f1b2079b,2026-08-11T12:54:22.905810Z,PM-42-EAST,5.47,3.18,2879,0.085,25.1,0
32910214-ac56-446c-9c9e-e5c489c70055,2026-08-09T08:42:22.905810Z,PM-42-EAST,5.19,3.56,2978,0.125,36.1,0
01f84eff-3834-4b31-bc1a-fc64fdd9ae76,2026-08-10T08:38:22.905810Z,PM-42-EAST,4.83,3.69,2805,0.109,33.0,0
75da6264-24af-4649-85a9-912e3428e277,2026-08-07T11:00:22.905810Z,PM-42-EAST,5.15,3.36,3032,0.142,30.4,0
62346473-fbce-422a-b8bf-5d4666ad66e9,2026-08-10T13:26:22.905810Z,PM-42-EAST,4.61,3.37,3117,0.143,35.7,0
983e9242-46b8-4eca-92b4-1e32f02fcdef,2026-08-05T02:13:22.905810Z,PM-42-EAST,5.36,3.3,3146,0.062,29.3,0
33d6f55d-2762-436b-9ee4-85648a1cb7fa,2026-08-08T08:30:22.905810Z,PM-42-EAST,5.36,3.01,3021,0.056,36.7,0
ccc7418f-2d22-40c5-8fcd-0bb890164f57,2026-08-08T02:08:22.905810Z,PM-42-EAST,5.12,3.3,2894,0.091,20.6,0
7cca4152-06b4-43f2-91ec-a988d967da69,2026-08-09T09:28:22.905810Z,PM-42-EAST,4.54,3.47,2887,0.119,39.9,0
ed041e37-2570-44be-b340-a374722b5344,2026-08-12T13:57:22.905810Z,PM-42-EAST,4.79,3.13,3061,0.123,26.4,0
a44685f7-d3c5-4222-b32b-deef860e93e1,2026-08-06T06:22:22.905810Z,PM-42-EAST,4.53,3.64,3129,0.143,27.7,0
4bc12b38-967b-47ee-b69b-54a82b36f31b,2026-08-13T02:18:22.905810Z,PM-42-EAST,4.52,3.71,2874,0.135,25.6,0
642dac2f-99b9-48af-a362-7cd428b87f59,2026-08-06T13:48:22.905810Z,PM-42-EAST,4.54,3.78,2898,0.083,36.3,0
be528785-75a2-492d-92b7-16551e9cd93e,2026-08-12T21:16:22.905810Z,PM-42-EAST,5.16,3.38,2920,0.104,19.9,0
7ccb4c50-a94e-4f15-b304-05272112bc59,2026-08-08T15:46:22.905810Z,PM-42-EAST,4.88,3.15,2819,0.15,36.4,0
366ff625-093f-41ca-9a76-8c1c5d6b3a20,2026-08-10T10:51:22.905810Z,PM-42-EAST,5.23,3.75,2896,0.143,23.5,0
f5e113d3-52bc-4988-87dd-88b1811a7d86,2026-08-07T05:04:22.905810Z,PM-42-EAST,4.55,3.71,2920,0.131,26.1,0
cd80b266-c852-4aac-8fc3-cf9ebe653486,2026-08-12T14:23:22.905810Z,PM-42-EAST,5.44,3.25,3182,0.098,31.8,0
c448b1e5-90c4-4042-8537-28ae7c56cddb,2026-08-07T02:06:22.905810Z,PM-42-EAST,4.95,3.62,3158,0.104,27.4,0
487cbae4-2b8f-47c1-94fb-3b812d34e8ae,2026-08-12T08:59:22.905810Z,PM-42-EAST,5.38,3.58,2830,0.137,22.4,0
2120d35f-95ce-4611-86b0-e4a14af9ff8e,2026-08-09T05:34:22.905810Z,PM-42-EAST,5.3,3.71,2982,0.144,22.1,0
d48c391e-a9e3-4613-a065-8e426ac7e614,2026-08-10T00:21:22.905810Z,PM-42-EAST,5.49,3.71,3051,0.136,38.2,0
2ee03d15-b4ef-4156-a60f-58f137c80f37,2026-08-05T03:38:22.905810Z,PM-42-EAST,4.97,3.04,3015,0.131,22.7,0
5840cbc0-fa92-4944-87cd-7ee4b92c6915,2026-08-10T12:38:22.905810Z,PM-42-EAST,4.65,3.07,3196,0.136,38.4,0
12a0a9d3-717f-49ff-9c7d-aec54e5ccfc7,2026-08-05T22:18:22.905810Z,PM-42-EAST,4.7,3.56,2842,0.131,27.6,0
e7519002-85ff-4b18-8e89-8ef796e0e2a7,2026-08-07T19:04:22.905810Z,PM-42-EAST,5.47,3.31,3172,0.126,23.6,0
afc5542c-70f1-49ef-becb-9569def51713,2026-08-08T14:06:22.905810Z,PM-42-EAST,4.96,3.75,3196,0.12,33.8,0
476433f6-9c71-448b-b356-aa6caaf91e36,2026-08-12T19:48:22.905810Z,PM-42-EAST,4.93,3.56,2993,0.136,28.6,0
81d8705c-6513-4809-992f-f2037801a7ec,2026-08-11T14:34:22.905810Z,PM-42-EAST,5.43,3.73,2884,0.085,32.7,0
939a1057-6727-461a-91fa-2b59e2342e80,2026-08-09T17:56:22.905810Z,PM-42-EAST,4.93,3.11,2906,0.147,19.9,0
2ed165ad-ebd6-4072-9ad1-7cfc3736df4e,2026-08-06T22:06:22.905810Z,PM-42-EAST,5.39,3.3,3136,0.121,35.4,0
b7f50b48-0d97-40f1-be81-116b89aa7b19,2026-08-06T10:55:22.905810Z,PM-42-EAST,4.63,3.64,2949,0.12,18.3,0
952d69ed-b970-4ed5-b59a-424f237c0569,2026-08-08T16:48:22.905810Z,PM-42-EAST,4.61,3.17,2844,0.079,20.8,0
c718af77-c57e-4df1-8c3d-2ecd68e8109d,2026-08-11T10:42:22.905810Z,PM-42-EAST,4.78,3.07,2850,0.081,37.8,0
6fe14c10-6f51-4a55-9977-81a23c3195fa,2026-08-10T19:58:22.905810Z,PM-42-EAST,5.07,3.01,2939,0.064,20.7,0
d7b5877d-ae82-4dd5-b7cd-fbd0c986e349,2026-08-07T03:19:22.905810Z,PM-42-EAST,4.66,3.1,2801,0.075,30.8,0
cb6653c9-5364-4e9f-a13f-1d5ab23bbaf1,2026-08-13T19:30:22.905810Z,PM-42-EAST,5.38,3.25,2955,0.052,36.3,0
fd52b72d-8a3b-4357-b557-5f921f11f448,2026-08-09T06:48:22.905810Z,PM-42-EAST,5.39,3.18,2828,0.109,17.0,0
02d8491c-d724-4d8c-8864-11bed9442351,2026-08-08T03:46:22.905810Z,PM-42-EAST,4.9,3.1,2997,0.144,17.8,0
47661c91-7a55-46a6-b976-cdd58c5013cc,2026-08-06T20:33:22.905810Z,PM-42-EAST,4.85,3.46,3123,0.053,34.0,0
c7e9c6ee-98ae-491f-9509-1ead6c069c5b,2026-08-05T05:08:22.905810Z,PM-42-EAST,5.04,3.31,3183,0.133,18.7,0
e68b1b5a-217c-450c-98dd-4432dc18984a,2026-08-07T12:59:22.905810Z,PM-42-EAST,4.55,3.11,2944,0.149,17.5,0
c894ce4b-76a5-410e-a000-098476eebd98,2026-08-12T13:18:22.905810Z,PM-42-EAST,5.33,3.69,3077,0.074,39.6,0
711d4612-8de9-4472-a04c-0500bd9e8351,2026-08-10T05:53:22.905810Z,PM-42-EAST,4.59,3.58,3093,0.099,15.1,0
e51fad9b-8832-4e19-948c-6a2737aee7cb,2026-08-14T07:16:22.905810Z,PM-42-EAST,4.8,3.65,3087,0.063,37.8,0
78db0be9-0f8e-432c-aa75-7c587457c96f,2026-08-07T06:09:22.905810Z,PM-42-EAST,4.61,3.23,3103,0.111,15.1,0
0420b178-8eae-46de-bb42-b6f68d738f56,2026-08-10T07:38:22.905810Z,PM-42-EAST,5.38,3.18,3048,0.118,34.5,0
56ec229e-6c97-421e-9867-6f9773668877,2026-08-06T02:08:22.905810Z,PM-42-EAST,5.42,3.76,2916,0.067,20.8,0
c76d4532-be10-444d-9f61-00e0b51ac7b8,2026-08-08T15:48:22.905810Z,PM-42-EAST,5.01,3.36,3017,0.062,21.8,0
b0d41a1e-32c5-43ff-8161-f69de2c0f6bc,2026-08-11T18:19:22.905810Z,PM-42-EAST,4.76,3.45,3097,0.053,18.4,0
d74f5901-4315-42fd-bd15-418126c5a463,2026-08-06T23:18:22.905810Z,PM-42-EAST,5.42,3.23,3028,0.127,23.1,0
5426776b-bfcd-419d-875d-c6bab6fb034c,2026-08-08T04:36:22.905810Z,PM-42-EAST,4.92,3.52,3097,0.064,38.0,0
bb211467-f03f-454a-983b-dfdcf6c905e1,2026-08-06T02:58:22.905810Z,PM-42-EAST,7.21,5.56,4256,0.284,24.5,1
3c318205-ccc5-42e9-94fb-69b7b0239b3d,2026-08-12T18:06:22.905810Z,PM-42-EAST,5.04,3.16,2829,0.092,20.0,0
fde4f8c0-b064-454c-ada6-57ef461f3819,2026-08-12T02:06:22.905810Z,PM-42-EAST,4.65,3.54,3071,0.075,36.0,0
249fce86-879a-4ff0-b8fd-5157354eb38b,2026-08-07T00:33:22.905810Z,PM-42-EAST,4.67,3.54,2844,0.079,15.3,0
279af20f-1415-45ba-b39f-c4d98277557c,2026-08-07T13:30:22.905810Z,PM-42-EAST,4.59,3.11,3016,0.128,38.7,0
93cc56ee-d724-4920-8c68-53f22e52b00c,2026-08-13T01:33:22.905810Z,PM-42-EAST,4.75,3.72,2974,0.093,18.9,0
fd9e80d7-4d12-4076-849d-b157ae0270f0,2026-08-13T19:26:22.905810Z,PM-42-EAST,5.34,3.77,3168,0.143,17.8,0
70972919-2f31-4308-b527-4377e82658ad,2026-08-14T04:53:22.905810Z,PM-42-EAST,4.79,3.15,3153,0.133,23.2,0
7cf5c2b9-4a7a-44ea-9d77-de50863813f6,2026-08-11T09:00:22.905810Z,PM-42-EAST,5.3,3.5,3186,0.078,29.9,0
6c83a17c-1644-4291-8f17-073d7702c9bc,2026-08-14T23:59:22.905810Z,PM-42-EAST,5.04,3.21,2870,0.135,21.8,0
15228789-b31a-4799-b08e-97b3c9c01a9d,2026-08-09T14:58:22.905810Z,PM-42-EAST,4.88,3.43,3192,0.097,19.9,0
67d1e6a8-9bce-4d7b-95b7-dddac0bed541,2026-08-13T19:30:22.905810Z,PM-42-EAST,4.81,3.2,3052,0.122,16.2,0
5cbae459-fd86-4d72-bdc3-5f1c5435009f,2026-08-06T18:04:22.905810Z,PM-42-EAST,4.89,3.49,2890,0.137,23.3,0
22312b71-1076-4ea4-8232-3742744fb193,2026-08-10T01:11:22.905810Z,PM-42-EAST,4.81,3.78,2866,0.111,30.7,0
d3b5573f-0d16-4a13-9643-b3784f1bcd6c,2026-08-05T11:42:22.905810Z,PM-42-EAST,4.6,3.75,2843,0.059,32.4,0
0788d832-d200-47e5-990c-aad8c4d3d1d5,2026-08-08T01:38:22.905810Z,PM-42-EAST,5.45,3.32,2976,0.081,17.6,0
2e06cdf5-f966-44db-babc-d23a3037b77e,2026-08-13T10:32:22.905810Z,PM-42-EAST,4.76,3.18,2992,0.134,36.1,0
e68f260b-8fef-49d2-b359-6603e81c9f34,2026-08-15T12:18:22.905810Z,PM-42-EAST,5.14,3.19,3094,0.08,24.4,0
29a53740-a864-486f-9846-ecd3a0f9dfd7,2026-08-13T03:14:22.905810Z,PM-42-EAST,5.02,3.33,2952,0.144,27.6,0
30522244-696c-40b9-80fc-13825e4f7101,2026-08-13T12:59:22.905810Z,PM-42-EAST,5.19,3.28,2848,0.091,35.7,0
e5d49499-8a0b-4ef8-b804-aebc7dfebfbc,2026-08-10T09:18:22.905810Z,PM-42-EAST,4.93,3.56,3143,0.143,28.7,0
76ba2bb5-a5ad-4ae9-b759-3d1bec5e7e65,2026-08-08T03:38:22.905810Z,PM-42-EAST,4.52,3.19,3096,0.137,31.7,0
269b18bb-a0ac-487d-ae62-a31be1991ae9,2026-08-07T14:22:22.905810Z,PM-42-EAST,4.62,3.68,3075,0.081,25.2,0
d008a369-ce80-4563-bb46-8ef7de7fbae1,2026-08-12T12:57:22.905810Z,PM-42-EAST,4.87,3.74,2836,0.123,37.2,0
85cb9fe2-3cf6-4c93-b9eb-92e9561db581,2026-08-09T03:28:22.905810Z,PM-42-EAST,4.6,3.22,3006,0.093,22.9,0
29abdeeb-b1c0-424f-a416-63aecfb26e30,2026-08-10T11:58:22.905810Z,PM-42-EAST,4.74,3.38,3097,0.078,19.5,0
9683aa1d-eeaf-4798-aae3-b6577e7e9604,2026-08-08T14:30:22.905810Z,PM-42-EAST,5.33,3.33,2887,0.109,24.1,0
2351763f-ddbd-49cb-8052-cf832cca06c3,2026-08-10T17:39:22.905810Z,PM-42-EAST,5.14,3.12,2910,0.061,22.2,0
2d30035c-7161-4f81-baf7-f0eebd5bfbd9,2026-08-15T23:18:22.905810Z,PM-42-EAST,5.09,3.14,3124,0.073,25.8,0
e137d4cb-5f9a-4964-a503-e3e30000f800,2026-08-08T15:36:22.905810Z,PM-42-EAST,5.47,3.71,3188,0.142,30.1,0
66031008-a489-4ad5-acb2-ecf53cbec50c,2026-08-14T07:18:22.905810Z,PM-42-EAST,4.99,3.01,2976,0.064,38.2,0
a50e424b-2f83-4aba-9c0f-1b2caec58a7a,2026-08-12T18:41:22.905810Z,PM-42-EAST,5.16,3.19,2872,0.127,37.8,0
3a55ebb1-1a36-40a2-8d42-5b46cb7a250e,2026-08-12T14:42:22.905810Z,PM-42-EAST,5.28,3.39,2952,0.147,17.6,0
e60ac525-8630-486c-b678-cdf3edac1245,2026-08-10T20:57:22.905810Z,PM-42-EAST,5.24,3.66,3098,0.085,34.8,0
771eb15b-6522-4f2a-8a4c-59ae3dba8727,2026-08-15T10:22:22.905810Z,PM-42-EAST,6.54,5.92,4599,0.399,39.1,1
366a1470-8ac3-494b-9bec-80f5866d4b9c,2026-08-14T21:03:22.905810Z,PM-42-EAST,4.85,3.4,3138,0.076,32.3,0
367b6c4f-b705-4922-92bd-e221bbfb7994,2026-08-10T08:18:22.905810Z,PM-42-EAST,4.74,3.44,3037,0.071,17.2,0
13b78545-df7b-48c0-ab8e-2ab79cb4eef0,2026-08-10T04:01:22.905810Z,PM-42-EAST,4.6,3.66,3025,0.099,18.6,0
384cd36b-107c-4191-9442-07a57a61998e,2026-08-10T14:06:22.905810Z,PM-42-EAST,5.0,3.52,2984,0.053,21.0,0
fc8bfa80-d799-4119-9886-0697f9719eb8,2026-08-10T19:26:22.905810Z,PM-42-EAST,5.36,3.0,2829,0.131,31.0,0
668c1860-5a86-4adf-9e60-c0b2dfbde331,2026-08-12T05:48:22.905810Z,PM-42-EAST,8.35,4.8,4134,0.292,22.1,1
13b96640-a00f-4789-b167-e42675c1c2aa,2026-08-09T10:33:22.905810Z,PM-42-EAST,5.23,3.78,3028,0.121,31.4,0
6b5ecf00-9135-4fca-9ad8-633e7933f5f9,2026-08-06T14:50:22.905810Z,PM-42-EAST,4.71,3.18,3105,0.111,35.4,0
f831a272-334c-4073-9a68-9afca5f4564a,2026-08-15T09:00:22.905810Z,PM-42-EAST,7.12,5.68,4991,0.318,30.0,1
01fa949d-a777-47a4-b382-159c226c728b,2026-08-13T23:36:22.905810Z,PM-42-EAST,5.02,3.53,2876,0.118,17.2,0
b57bd813-d5d1-421b-b880-5a49ac76cc25,2026-08-06T20:18:22.905810Z,PM-42-EAST,5.12,3.76,2897,0.064,36.0,0
0d4a7305-d22b-468b-b879-e95b5f041c7e,2026-08-10T18:14:22.905810Z,PM-42-EAST,8.42,5.42,4073,0.301,20.1,1
c27fb12c-f1ac-44ed-aff8-bf06357d1a1c,2026-08-15T12:36:22.905810Z,PM-42-EAST,5.45,3.48,2968,0.122,20.9,0
de03ad5c-fba9-481e-adef-a829f3c04e2f,2026-08-06T10:58:22.905810Z,PM-42-EAST,5.39,3.73,2939,0.1,18.9,0
438bfaa3-6d75-4e9f-8c10-6c6c62167d2d,2026-08-12T01:41:22.905810Z,PM-42-EAST,4.68,3.64,2918,0.118,31.6,0
19429724-518c-4282-850b-70dc7c501f6c,2026-08-05T15:18:22.905810Z,PM-42-EAST,4.7,3.44,2801,0.101,25.9,0
49618eae-138d-4f1d-b241-8d1c8f5462a1,2026-08-14T20:08:22.905810Z,PM-42-EAST,4.59,3.49,2938,0.096,15.8,0
e76b33cd-3c65-48fe-88df-24d4bb473efe,2026-08-10T16:18:22.905810Z,PM-42-EAST,4.64,3.72,3033,0.119,23.0,0
11e5f0ae-073e-445a-9382-3e66b90dbfbd,2026-08-12T09:12:22.905810Z,PM-42-EAST,4.85,3.1,2945,0.148,38.5,0
1b5633a2-b22d-4e00-b054-dbf81384810a,2026-08-06T17:02:22.905810Z,PM-42-EAST,4.89,3.16,3060,0.053,20.0,0
c20d6af4-c6d0-47b6-bdc7-80da175503bd,2026-08-06T07:03:22.905810Z,PM-42-EAST,4.99,3.06,2910,0.126,32.7,0
b47da365-4dc1-45a6-8fb6-b7c0740d0d16,2026-08-06T02:06:22.905810Z,PM-42-EAST,5.33,3.47,2933,0.074,37.1,0
ce453ec2-8785-4d54-a66c-395ec2bd9cb1,2026-08-11T05:02:22.905810Z,PM-42-EAST,4.83,3.33,2850,0.083,36.4,0
7fe93932-6c5a-4664-ab63-92a2af56d1c4,2026-08-08T15:58:22.905810Z,PM-42-EAST,4.98,3.77,2823,0.084,24.7,0
ae64443f-300d-42da-9ab3-7de4fdf3a819,2026-08-15T23:24:22.905810Z,PM-42-EAST,4.91,3.11,3103,0.066,27.9,0
3e598254-f358-40cb-8012-0a964d780572,2026-08-14T12:08:22.905810Z,PM-42-EAST,4.5,3.51,3194,0.066,28.6,0
45e35cd2-6352-460a-a5ae-8212bbb24154,2026-08-15T20:01:22.905810Z,PM-42-EAST,5.13,3.7,2943,0.142,17.3,0
107060bf-0d6d-4b8b-a713-bdd5661438e8,2026-08-13T06:30:22.905810Z,PM-42-EAST,5.19,3.2,3160,0.13,18.8,0
a0f4757a-1a47-410c-9b86-e421bd95634c,2026-08-06T08:15:22.905810Z,PM-42-EAST,4.83,3.09,2819,0.071,33.0,0
c438042d-8222-4d91-9ac8-70f2b222075f,2026-08-16T09:08:22.905810Z,PM-42-EAST,4.78,3.16,2800,0.144,35.3,0
91245d20-8b68-43b0-ac5b-9b0f217a89ff,2026-08-15T23:33:22.905810Z,PM-42-EAST,5.12,3.59,2880,0.116,35.4,0
b6f35713-57e2-44a3-892b-5a757b831963,2026-08-06T19:14:22.905810Z,PM-42-EAST,4.83,3.21,2946,0.11,35.9,0
113419b2-573f-48e2-b6f2-4b7248bee2f4,2026-08-11T20:56:22.905810Z,PM-42-EAST,5.43,3.36,2825,0.079,29.5,0
eabebb43-257f-4d71-b6f9-4e768b073b64,2026-08-08T03:24:22.905810Z,PM-42-EAST,5.42,3.18,3132,0.098,21.1,0
20d43c5f-d554-40c9-812b-6a212200564b,2026-08-13T21:55:22.905810Z,PM-42-EAST,5.06,3.49,2921,0.055,29.6,0
4ae02075-9112-418e-b69d-ab010a66dd46,2026-08-08T09:18:22.905810Z,PM-42-EAST,5.14,3.32,2928,0.137,29.2,0
bedd9445-04d5-4101-89c9-88dd369c3882,2026-08-08T04:15:22.905810Z,PM-42-EAST,5.48,3.7,2926,0.059,33.3,0
bc917426-ecd5-4c82-8a57-4607d365d94b,2026-08-12T10:30:22.905810Z,PM-42-EAST,5.45,3.23,2806,0.132,34.5,0
436812ce-6bd4-4bec-bd02-64691574cab6,2026-08-09T23:53:22.905810Z,PM-42-EAST,4.89,3.65,2884,0.123,15.1,0
d8dd86d7-583e-450b-8fbd-23e93d368bfb,2026-08-12T00:54:22.905810Z,PM-42-EAST,4.67,3.37,3014,0.128,30.6,0
8a65bb7e-214b-4ae3-b07c-2c7b73bbbfb4,2026-08-06T04:38:22.905810Z,PM-42-EAST,4.85,3.47,3048,0.099,15.3,0
90cd59eb-0bfb-45c1-898a-f9889790e8aa,2026-08-16T20:08:22.905810Z,PM-42-EAST,5.13,3.18,3108,0.086,33.9,0
2d491d3f-7180-4ee8-85b3-fb80b29f682f,2026-08-10T01:33:22.905810Z,PM-42-EAST,5.28,3.64,3022,0.066,39.8,0
9c9e7288-9c10-4526-b46e-8f736190ed7b,2026-08-16T21:58:22.905810Z,PM-42-EAST,5.44,3.46,3004,0.087,38.0,0
e7426159-705c-48f7-addb-16fbf8c628cb,2026-08-11T00:19:22.905810Z,PM-42-EAST,5.02,3.58,3069,0.109,35.5,0
6535253b-486f-4025-9b6f-ecc98e479d77,2026-08-12T04:18:22.905810Z,PM-42-EAST,5.28,3.17,2828,0.104,18.3,0
3664086b-135c-4758-ad8c-32d4929b0b30,2026-08-14T01:00:22.905810Z,PM-42-EAST,7.63,5.89,3993,0.376,31.4,1
dd58530c-fdbb-4a07-8b51-fbb79b4a44eb,2026-08-07T20:18:22.905810Z,PM-42-EAST,4.64,3.77,2947,0.127,23.3,0
c7b38781-41c5-43b2-b2ca-6519fdd6721c,2026-08-08T18:45:22.905810Z,PM-42-EAST,5.47,3.24,2902,0.083,31.2,0
7f54125d-9ca6-419f-bd85-30f37aa77fce,2026-08-09T06:12:22.905810Z,PM-42-EAST,4.66,3.36,3047,0.129,18.5,0
1aa260a4-9d79-486b-9bfa-9e3195dd915b,2026-08-13T22:13:22.905810Z,PM-42-EAST,5.34,3.68,2817,0.068,38.5,0
e5a4ee5b-336f-4b68-a2b5-3a49e63ad4b0,2026-08-05T18:54:22.905810Z,PM-42-EAST,5.41,3.68,2843,0.106,21.0,0
688358c8-fcfb-4393-b0d1-d7d98d73f0a1,2026-08-07T21:33:22.905810Z,PM-42-EAST,4.92,3.78,2830,0.061,38.7,0
134e1fd5-8de2-4164-8166-9efcdd6e668d,2026-08-11T10:18:22.905810Z,PM-42-EAST,5.2,3.18,3024,0.077,20.2,0
f408af51-711b-406c-b8a8-d5ee65905343,2026-08-12T15:03:22.905810Z,PM-42-EAST,4.67,3.65,2954,0.075,31.1,0
a5bda1e6-355a-46d9-b110-1945e06d2b87,2026-08-06T12:18:22.905810Z,PM-42-EAST,5.28,3.51,3094,0.061,18.6,0
57c07f1f-eb04-4259-8fb8-9b9327e6f6f5,2026-08-11T00:26:22.905810Z,PM-42-EAST,4.84,3.68,3071,0.126,19.1,0
4b15ef16-3d5e-4c4b-9683-1ca1c29f39ff,2026-08-12T11:06:22.905810Z,PM-42-EAST,4.59,3.77,3184,0.12,24.0,0
43f8688d-0182-46d0-8e98-439864cda5c5,2026-08-05T13:53:22.905810Z,PM-42-EAST,5.01,3.2,2996,0.078,30.4,0
30eb4b67-891d-466d-974f-62edf70b9239,2026-08-14T21:34:22.905810Z,PM-42-EAST,5.22,3.2,3059,0.074,39.7,0
da327dc4-b9bc-4079-8c96-efc1480c6be1,2026-08-09T10:03:22.905810Z,PM-42-EAST,5.13,3.11,3076,0.123,23.7,0
623a6a66-b08f-4834-9f10-6b99b616fad4,2026-08-16T21:10:22.905810Z,PM-42-EAST,5.18,3.43,3174,0.063,20.9,0
d8aa2dcb-5ccb-4d4e-bd8a-df7d542a5861,2026-08-12T08:09:22.905810Z,PM-42-EAST,5.46,3.76,3032,0.102,28.7,0
c0b1c479-15b2-4c95-bfdb-8ce72eb69cb8,2026-08-15T00:30:22.905810Z,PM-42-EAST,4.7,3.32,2927,0.137,28.0,0
068053d7-51bf-4d71-ba91-994006c7aaa4,2026-08-06T02:01:22.905810Z,PM-42-EAST,4.6,3.22,3104,0.13,34.6,0
ec037082-cce9-415f-ad70-84e8171dc6dd,2026-08-18T11:38:22.905810Z,PM-42-EAST,5.48,3.04,2811,0.138,33.7,0
3d69fa07-45e0-41f1-8f0f-31925beb001d,2026-08-09T23:51:22.905810Z,PM-42-EAST,5.14,3.65,2899,0.124,30.6,0
510440f4-495d-4951-b4d6-be1db5901326,2026-08-12T16:46:22.905810Z,PM-42-EAST,6.75,5.15,3982,0.341,26.2,1
5e840d21-a69f-486e-98b0-7cd698c24fc2,2026-08-15T15:56:22.905810Z,PM-42-EAST,5.4,3.22,3164,0.114,31.2,0
f6cbb947-8ab1-471e-8a26-8fe4eaae536b,2026-08-18T15:30:22.905810Z,PM-42-EAST,5.01,3.35,2804,0.078,18.7,0
694e802b-e1a7-4954-9fca-41341a725945,2026-08-17T04:58:22.905810Z,PM-42-EAST,5.48,3.74,2994,0.133,17.0,0
3a307890-ed55-4c8e-8896-25a6a00a00c3,2026-08-07T08:30:22.905810Z,PM-42-EAST,4.84,3.63,3027,0.121,28.9,0
dc1723f4-5415-4ee8-9c4c-bc9d611802e3,2026-08-18T00:33:22.905810Z,PM-42-EAST,4.79,3.74,3104,0.112,37.0,0
40caa926-ec17-48e8-af1e-7ecdea055990,2026-08-17T07:34:22.905810Z,PM-42-EAST,4.52,3.77,3041,0.051,35.8,0
0ec27d4e-ce6f-4ee9-aa84-f34fe733f98f,2026-08-13T08:42:22.905810Z,PM-42-EAST,5.44,3.39,2904,0.148,23.7,0
16a08e84-282a-441f-b135-69b4e1c74221,2026-08-14T21:18:22.905810Z,PM-42-EAST,5.36,3.06,3008,0.112,24.3,0
3fae3a93-5795-47f5-8002-5ede9a10ed6e,2026-08-16T22:08:22.905810Z,PM-42-EAST,4.99,3.12,2821,0.124,33.0,0
814c9bcf-070f-49dc-951c-774153ca4c3c,2026-08-15T04:44:22.905810Z,PM-42-EAST,5.05,3.03,2949,0.095,22.2,0
1fe541a6-2b45-4279-bd04-454f412d5ff2,2026-08-12T04:51:22.905810Z,PM-42-EAST,5.15,3.13,3140,0.06,15.1,0
3bb09280-1bbd-4f79-8966-dd100b9840a3,2026-08-09T04:34:22.905810Z,PM-42-EAST,4.93,3.14,2800,0.08,23.2,0
a9a674d0-f44d-4e4b-974c-e84c95af09a2,2026-08-17T13:38:22.905810Z,PM-42-EAST,4.91,3.74,2926,0.133,29.9,0
51c103e3-7c85-470b-8ff0-1a3b6bca3e40,2026-08-13T06:48:22.905810Z,PM-42-EAST,6.96,4.98,4067,0.448,29.0,1
9bb4d08d-4d8c-49ac-963c-dee68d12d251,2026-08-14T01:44:22.905810Z,PM-42-EAST,5.09,3.53,3100,0.141,23.2,0
1d4c42c9-af80-4d38-837e-b3fda42da41f,2026-08-11T06:54:22.905810Z,PM-42-EAST,4.52,3.77,3103,0.089,21.6,0
2574e232-0220-4dcc-8d10-2f576ab4a8fb,2026-08-17T23:15:22.905810Z,PM-42-EAST,5.31,3.45,2847,0.057,37.4,0
5dff9e64-58f3-49c3-94a4-83724f92ab13,2026-08-18T06:18:22.905810Z,PM-42-EAST,4.63,3.16,3001,0.149,25.2,0
b680e2c7-f53d-4bdc-a2bc-441f1cc7bc5a,2026-08-16T11:55:22.905810Z,PM-42-EAST,4.71,3.06,3134,0.115,30.1,0
564344b2-53fe-4d6d-aa09-6084d13eff23,2026-08-12T15:42:22.905810Z,PM-42-EAST,4.54,3.2,2821,0.114,33.2,0
7ace1483-8d3f-44d2-a1ff-965721059fb1,2026-08-18T21:26:22.905810Z,PM-42-EAST,5.23,3.54,3108,0.058,27.9,0
bbfe9d14-45f4-4290-8b74-423ef3aec81f,2026-08-18T16:08:22.905810Z,PM-42-EAST,5.02,3.21,2897,0.108,15.7,0
c3c73118-f4f3-49d6-9caa-e2a4bbb91073,2026-08-12T17:18:22.905810Z,PM-42-EAST,5.44,3.0,3137,0.092,17.4,0
cabf5689-ddeb-44b0-a286-04596589a605,2026-08-06T05:10:22.905810Z,PM-42-EAST,4.52,3.75,3061,0.13,30.7,0
35efc439-f50e-4977-bdfc-25f2c1e751ca,2026-08-08T07:33:22.905810Z,PM-42-EAST,5.47,3.28,3145,0.061,21.8,0
e483b114-24da-4add-93e1-79435870f1c2,2026-08-08T14:06:22.905810Z,PM-42-EAST,4.72,3.05,2890,0.129,35.8,0
cbc18e50-c78b-4434-aadc-0694670341ab,2026-08-15T10:36:22.905810Z,PM-42-EAST,4.59,3.67,3094,0.051,19.5,0
95836ad0-43fe-4d64-8f72-556ba504402b,2026-08-19T03:58:22.905810Z,PM-42-EAST,5.06,3.41,2905,0.108,32.6,0
8e7d1e3c-3b5f-4842-ad93-c29de0307c75,2026-08-13T09:12:22.905810Z,PM-42-EAST,5.07,3.6,2850,0.144,33.8,0
5836cdfc-0412-4cd5-8308-f0e4b3d80805,2026-08-08T08:48:22.905810Z,PM-42-EAST,4.57,3.46,2987,0.091,33.1,0
2c569514-ec72-44c6-9ea1-0ca29cc45e67,2026-08-12T02:25:22.905810Z,PM-42-EAST,5.34,3.27,3068,0.125,35.3,0
792899d5-fad9-416e-befc-1479d05f0961,2026-08-19T07:42:22.905810Z,PM-42-EAST,5.4,3.8,2868,0.058,17.9,0
af348ab2-b5e4-476b-b893-af44bb435a20,2026-08-11T14:33:22.905810Z,PM-42-EAST,5.06,3.28,2974,0.145,21.4,0
1e8bd5eb-0a71-47d5-ad61-fb1d99a9774c,2026-08-05T23:54:22.905810Z,PM-42-EAST,4.98,3.26,3134,0.099,36.4,0
cea0ebb1-71c3-47a5-a982-d32df2809fb8,2026-08-19T23:24:22.905810Z,PM-42-EAST,5.2,3.49,2946,0.082,35.8,0
68279dec-1c3c-4483-9c84-31dbe74f2efd,2026-08-07T01:58:22.905810Z,PM-42-EAST,4.6,3.7,2876,0.145,15.0,0
5f7a70ae-136a-4ac8-90f0-3db8e84ba797,2026-08-15T04:38:22.905810Z,PM-42-EAST,5.36,3.04,2937,0.093,38.1,0
760e43a5-13d0-4c91-8360-84f4060965ee,2026-08-16T13:48:22.905810Z,PM-42-EAST,5.44,3.63,3176,0.118,29.5,0
cd58e42b-0b9c-4ebf-a0fe-438fbeb5339b,2026-08-08T04:32:22.905810Z,PM-42-EAST,5.15,3.2,3063,0.088,18.6,0
663fe83a-1e6b-413c-a60e-bf7f7a546510,2026-08-14T11:02:22.905810Z,PM-42-EAST,5.05,3.22,3053,0.131,35.2,0
06a9bbff-c0ee-42c6-9bb0-e3c32c06241f,2026-08-10T22:30:22.905810Z,PM-42-EAST,4.75,3.78,3117,0.089,30.3,0
faf46064-b25f-471d-8be5-b4f0c2b686bc,2026-08-10T09:46:22.905810Z,PM-42-EAST,5.24,3.43,2972,0.149,29.2,0
e59d47dc-0309-4dee-8723-4a1c9098ffc7,2026-08-12T14:48:22.905810Z,PM-42-EAST,4.79,3.18,2849,0.131,35.6,0
6c41957c-c855-41ae-89ea-88358e5a1617,2026-08-06T20:42:22.905810Z,PM-42-EAST,5.01,3.21,2964,0.144,21.5,0
6b180881-9414-4296-a862-d9a1c857d5d7,2026-08-06T07:37:22.905810Z,PM-42-EAST,8.29,4.82,4995,0.434,36.5,1
765901aa-2701-498a-9af2-1df80cbd3d60,2026-08-20T16:40:22.905810Z,PM-42-EAST,5.18,3.27,3155,0.081,30.6,0
53c4e03f-7c18-48f9-86ab-973e0cf052e8,2026-08-15T17:57:22.905810Z,PM-42-EAST,4.92,3.75,3036,0.117,21.9,0
e8358e8c-8a2a-4b39-94c0-0113eff7fcb5,2026-08-12T17:18:22.905810Z,PM-42-EAST,4.78,3.14,2979,0.13,15.9,0
9b17f98b-5187-4abb-adeb-21b5bbe1553a,2026-08-07T04:08:22.905810Z,PM-42-EAST,5.49,3.45,2826,0.062,38.6,0
9d9b6175-a689-496f-a9f5-ae1985478a82,2026-08-20T00:30:22.905810Z,PM-42-EAST,4.69,3.3,2911,0.129,16.3,0
d7394459-25ad-40ed-a926-f65eb05231be,2026-08-20T01:26:22.905810Z,PM-42-EAST,4.87,3.55,2840,0.052,29.0,0
f8d92161-9aec-4cc0-92c7-e7b0fcc4aa66,2026-08-09T23:58:22.905810Z,PM-42-EAST,5.44,3.04,3130,0.147,34.2,0
507480f8-c7f9-4072-a2f9-a390d796612f,2026-08-08T14:33:22.905810Z,PM-42-EAST,5.12,3.54,2908,0.087,37.4,0
79a3cfc2-d03c-41ec-8fd5-b9ae7d0b593a,2026-08-20T11:00:22.905810Z,PM-42-EAST,5.45,3.56,3090,0.144,28.0,0
a10407b7-e8ea-4bbd-9ad4-e09b1edee71a,2026-08-11T04:06:22.905810Z,PM-42-EAST,5.15,3.29,2819,0.128,31.5,0
fb6ca519-090e-4c28-a96d-9f518d663ed4,2026-08-09T04:54:22.905810Z,PM-42-EAST,5.44,3.63,2834,0.08,18.3,0
353eacb1-320a-4fe7-975f-8d2f63db2896,2026-08-12T01:21:22.905810Z,PM-42-EAST,4.78,3.74,3022,0.056,15.1,0
f1c32310-7f92-464e-89a4-60f8f27c78f9,2026-08-12T15:28:22.905810Z,PM-42-EAST,4.53,3.4,2835,0.108,32.0,0
b0d6c0c3-f13a-41f5-b1f0-c713228108cd,2026-08-10T02:18:22.905810Z,PM-42-EAST,4.83,3.36,2934,0.14,18.5,0
f36a3502-76a1-44d3-bac3-eb4e24c77aff,2026-08-11T12:58:22.905810Z,PM-42-EAST,4.73,3.13,2898,0.08,35.5,0
d825a90a-4e65-43bf-a5ee-7e773e16bed8,2026-08-13T06:41:22.905810Z,PM-42-EAST,5.25,3.29,3036,0.088,19.1,0
b941da99-31a8-40d8-8cfd-9fca5e02ff8a,2026-08-13T21:00:22.905810Z,PM-42-EAST,4.99,3.35,2934,0.13,15.3,0
5e984dfa-5a97-405c-98f2-eaffedb0af36,2026-08-08T17:03:22.905810Z,PM-42-EAST,4.9,3.34,3162,0.075,34.4,0
314c71f8-b4f6-4604-84e3-8f319dcc6d3a,2026-08-10T17:50:22.905810Z,PM-42-EAST,4.95,3.08,2861,0.087,34.4,0
6452fdfa-09ef-4c2d-85b0-8d53fd44d959,2026-08-17T03:06:22.905810Z,PM-42-EAST,5.04,3.73,3051,0.061,17.0,0
d45eb705-6525-40fa-a690-506b74195108,2026-08-12T19:20:22.905810Z,PM-42-EAST,4.98,3.68,3037,0.106,31.9,0
36282402-67be-46ec-ab6c-745537898d7e,2026-08-14T06:44:22.905810Z,PM-42-EAST,5.16,3.15,2948,0.079,29.4,0
56d16503-57ad-4f11-aed4-3077b96bd6ea,2026-08-18T16:18:22.905810Z,PM-42-EAST,5.07,3.21,2862,0.146,21.0,0
ed696ce4-31ff-4bf9-b0ad-a3cc3c344cd4,2026-08-11T23:44:22.905810Z,PM-42-EAST,5.41,3.74,3110,0.097,28.3,0
01cbf8d4-dfb9-46ff-8190-09eb46d81282,2026-08-21T02:12:22.905810Z,PM-42-EAST,4.97,3.3,2919,0.067,21.3,0
06c85ca2-3c76-4bbc-a379-3674d18cddb3,2026-08-18T18:45:22.905810Z,PM-42-EAST,4.91,3.74,3083,0.135,28.2,0
a34d4d42-3161-4cf4-8a95-c3e3de3f6928,2026-08-21T11:10:22.905810Z,PM-42-EAST,5.19,3.27,3006,0.076,39.4,0
7210fe4b-f9bd-41c3-adc7-a527dc353ff3,2026-08-08T19:33:22.905810Z,PM-42-EAST,5.46,3.02,3156,0.134,17.4,0
6fd4c0ce-34f6-4d64-afdf-39d823df1994,2026-08-06T11:00:22.905810Z,PM-42-EAST,5.07,3.57,2851,0.114,17.9,0
faab6528-a013-4ae7-88c5-8ef666f2d8f7,2026-08-13T21:02:22.905810Z,PM-42-EAST,4.68,3.32,2808,0.14,20.5,0
b27ca9f0-d64e-4dab-8307-a73946a9d571,2026-08-13T07:18:22.905810Z,PM-42-EAST,4.85,3.43,3052,0.128,21.1,0
f17415e1-558c-42c5-8c67-d580bab4dd4c,2026-08-16T07:18:22.905810Z,PM-42-EAST,4.58,3.1,2824,0.119,38.0,0
c57ff56e-c5f2-4790-80c8-310851196621,2026-08-09T03:58:22.905810Z,PM-42-EAST,5.1,3.71,3032,0.109,29.6,0
feeac7f1-8c74-47fd-9b88-27942aec4afe,2026-08-07T09:08:22.905810Z,PM-42-EAST,5.22,3.53,2896,0.11,22.7,0
701c74df-cd45-499c-a641-de9f2c50b570,2026-08-22T09:18:22.905810Z,PM-42-EAST,7.79,5.2,4212,0.401,18.1,1
0c084bbb-4b06-4f08-b612-cd394d255f04,2026-08-07T02:15:22.905810Z,PM-42-EAST,4.56,3.12,2888,0.125,32.3,0
0877a088-8087-43d7-b0a1-5f70f0c7b76b,2026-08-22T11:18:22.905810Z,PM-42-EAST,4.87,3.37,2935,0.059,28.0,0
db0130a1-0a7c-4981-b812-429221da718c,2026-08-12T05:48:22.905810Z,PM-42-EAST,5.06,3.61,3081,0.137,22.3,0
1845ccb1-d0c6-4b1c-978c-e75d8b9c7288,2026-08-12T13:30:22.905810Z,PM-42-EAST,4.93,3.35,3117,0.091,22.6,0
950cc577-750e-4fae-aa85-33fa92199516,2026-08-19T06:11:22.905810Z,PM-42-EAST,5.08,3.61,2973,0.062,28.7,0
039edbde-c076-4c48-a6ea-dc56b62565f9,2026-08-08T22:48:22.905810Z,PM-42-EAST,5.02,3.08,3167,0.132,17.0,0
222bc582-5b9d-4ffd-b1ff-ab58d7e2e44b,2026-08-21T03:43:22.905810Z,PM-42-EAST,4.83,3.05,2940,0.092,37.4,0
5d3600b3-ce3c-4519-92cd-91fe9c9f5441,2026-08-12T07:58:22.905810Z,PM-42-EAST,5.0,3.74,2826,0.121,29.2,0
13b9d908-32bf-4925-a3b5-7b2188c38896,2026-08-11T10:21:22.905810Z,PM-42-EAST,5.35,3.24,3018,0.064,35.9,0
b2e6ea45-a23f-4de8-b6ca-7c626bc44241,2026-08-20T15:44:22.905810Z,PM-42-EAST,4.5,3.68,3036,0.131,38.7,0
1a508102-7b86-4400-b824-500e03358ffc,2026-08-18T20:19:22.905810Z,PM-42-EAST,4.6,3.4,3116,0.111,28.1,0
27b771e2-e933-499b-b0f2-262a73f20e34,2026-08-07T11:18:22.905810Z,PM-42-EAST,5.01,3.5,3057,0.103,39.3,0
53f131f0-39ee-4ee3-b70b-4ce13431f9dd,2026-08-14T06:38:22.905810Z,PM-42-EAST,4.8,3.17,3052,0.127,17.4,0
1f799a62-17de-4323-bd5f-ac9375d74396,2026-08-13T01:26:22.905810Z,PM-42-EAST,8.28,5.85,4169,0.437,39.8,1
2641e723-bf6e-483f-b046-87fb7172b28b,2026-08-07T11:48:22.905810Z,PM-42-EAST,5.47,3.72,3194,0.094,33.5,0
d16b4c16-f4da-4cba-ac39-f1f218c1f7bd,2026-08-07T19:26:22.905810Z,PM-42-EAST,4.92,3.7,3143,0.064,26.1,0
7dd5e25b-4766-4529-bc31-d3098c670829,2026-08-11T13:25:22.905810Z,PM-42-EAST,5.35,3.1,3169,0.075,27.4,0
387dbda8-4ac7-4057-bd85-7e3b761d136d,2026-08-19T16:48:22.905810Z,PM-42-EAST,5.16,3.07,2867,0.071,33.5,0
0a7d70c2-a3a1-4701-9981-713c9484c992,2026-08-20T01:08:22.905810Z,PM-42-EAST,6.56,5.8,4202,0.446,16.8,1
58c72cd1-8e50-49a2-ad68-675f0cc96cda,2026-08-10T23:30:22.905810Z,PM-42-EAST,5.26,3.48,2999,0.129,31.9,0
4d43b19f-4d39-4fd6-82a9-c5949e54ba1c,2026-08-17T06:51:22.905810Z,PM-42-EAST,4.63,3.14,3066,0.144,38.2,0
625120e3-cdc4-4d75-80ea-6ad50a87be4f,2026-08-16T08:50:22.905810Z,PM-42-EAST,4.71,3.19,3111,0.094,21.0,0
0906529c-42e3-4e8b-afc3-109aa31d916e,2026-08-18T06:58:22.905810Z,PM-42-EAST,4.52,3.58,2863,0.101,30.1,0
db3fbd54-40ea-4d6c-abfe-5af96fe8554f,2026-08-08T12:06:22.905810Z,PM-42-EAST,4.52,3.01,2923,0.077,17.5,0
22b183aa-6bfa-4ac3-a011-af50eea866f9,2026-08-11T16:29:22.905810Z,PM-42-EAST,5.47,3.54,2989,0.083,39.5,0
a0331fa6-6648-49e9-8616-576b4e925a7d,2026-08-17T02:38:22.905810Z,PM-42-EAST,4.52,3.22,3189,0.1,34.4,0
4fda952f-34fb-4c62-8c17-9f88dcae8735,2026-08-12T16:12:22.905810Z,PM-42-EAST,4.66,3.19,3004,0.07,27.0,0
abe483a8-414b-4888-af60-f8892a0c638f,2026-08-17T03:58:22.905810Z,PM-42-EAST,4.71,3.7,3197,0.116,38.7,0
31bae7a9-b381-4478-a095-b55080588b75,2026-08-12T01:42:22.905810Z,PM-42-EAST,5.28,3.67,3168,0.056,38.4,0
2cbacc6f-3e0a-4c69-abc7-c37dee21f1fb,2026-08-13T01:12:22.905810Z,PM-42-EAST,5.42,3.69,3013,0.081,31.5,0
68a044e7-77c3-4eb4-b791-f4db13f1fd86,2026-08-08T21:20:22.905810Z,PM-42-EAST,5.09,3.58,3179,0.1,25.6,0
6eb12ea9-409a-4fe1-9add-706638bc077e,2026-08-20T19:42:22.905810Z,PM-42-EAST,5.29,3.65,2878,0.144,40.0,0
0fbcec09-968b-4898-87b9-52f2187017a0,2026-08-19T13:33:22.905810Z,PM-42-EAST,5.47,3.5,2924,0.058,24.5,0
66ade864-5976-4e12-9c82-d7a0a3986db7,2026-08-09T13:34:22.905810Z,PM-42-EAST,5.02,3.55,3095,0.103,15.2,0
b651133d-2b4d-47e5-930d-8a8bd0f3e63c,2026-08-19T07:20:22.905810Z,PM-42-EAST,5.2,3.26,3179,0.105,22.4,0
33c6f1f3-d94e-45c2-905a-10779c3e027e,2026-08-23T21:18:22.905810Z,PM-42-EAST,4.53,3.42,2848,0.128,38.1,0
12317096-e3dd-410e-8296-1e3b3c7b7bff,2026-08-14T19:26:22.905810Z,PM-42-EAST,4.56,3.33,2958,0.09,22.2,0
c2ebdff7-240a-4962-bf01-f5cff027aa9b,2026-08-19T17:28:22.905810Z,PM-42-EAST,5.12,3.39,3048,0.069,25.0,0
b67d3aad-c5d1-46a1-b56b-e236cd13d0b1,2026-08-12T13:33:22.905810Z,PM-42-EAST,4.68,3.23,3072,0.09,18.4,0
d48233d2-a3f2-47e9-89e0-7ddd6056cb05,2026-08-15T04:54:22.905810Z,PM-42-EAST,5.49,3.65,3053,0.077,18.6,0
ffcd61cc-1123-435d-ac52-5b1a783d305f,2026-08-22T10:53:22.905810Z,PM-42-EAST,4.6,3.59,2944,0.062,25.7,0
291e1bb7-d351-4586-a9b7-e5de6f27d4eb,2026-08-13T06:36:22.905810Z,PM-42-EAST,4.84,3.58,2871,0.08,32.5,0
8689b771-29de-45e9-bda7-d32a4c5f935b,2026-08-22T12:43:22.905810Z,PM-42-EAST,4.55,3.05,3100,0.053,17.6,0
2dec82a8-40fe-4c17-952b-c36fa84e1d28,2026-08-15T15:02:22.905810Z,PM-42-EAST,4.61,3.68,3071,0.057,34.3,0
67c06471-482e-485f-b0a4-aefe60504e90,2026-08-09T16:30:22.905810Z,PM-42-EAST,4.94,3.54,2829,0.148,33.6,0
fa29a57c-e25d-4c54-844f-76687bf8bd4c,2026-08-22T15:28:22.905810Z,PM-42-EAST,4.75,3.46,3198,0.056,29.5,0
a7d84c2a-f243-4d01-b4d5-1137898c6447,2026-08-19T00:34:22.905810Z,PM-42-EAST,5.08,3.74,2872,0.134,18.7,0
76e999cd-ec74-4cea-ab5b-63f2bb1f56e2,2026-08-10T09:18:22.905810Z,PM-42-EAST,4.97,3.23,3057,0.125,26.1,0
48e7e3a6-e395-49a7-bb9d-a1769a4b64a1,2026-08-16T17:55:22.905810Z,PM-42-EAST,5.19,3.67,3048,0.122,22.8,0
54829c5d-9ff1-4577-8103-3de743dd54e4,2026-08-21T19:02:22.905810Z,PM-42-EAST,5.13,3.68,2810,0.101,24.9,0
9f862a36-d064-4008-abb3-7f1e6b218498,2026-08-09T18:06:22.905810Z,PM-42-EAST,4.79,3.02,2946,0.148,15.6,0
33b6c362-f6e4-4cd8-8e97-5e3c2c09e1e3,2026-08-06T17:46:22.905810Z,PM-42-EAST,4.67,3.59,2982,0.129,26.6,0
5c0051cd-e94b-4cf0-8fcf-782467a1536d,2026-08-07T01:58:22.905810Z,PM-42-EAST,5.34,3.52,3046,0.06,21.7,0
99ef2253-8dcd-4cb3-a46d-b707a79447fe,2026-08-19T21:54:22.905810Z,PM-42-EAST,4.99,3.17,3023,0.119,21.4,0
9fb46776-c957-49a3-b5a4-16e61338679e,2026-08-12T03:59:22.905810Z,PM-42-EAST,5.19,3.29,2920,0.068,34.9,0
a4f34520-cd42-451f-8658-711e67c9fae8,2026-08-13T12:54:22.905810Z,PM-42-EAST,5.13,3.43,2998,0.092,27.8,0
1a757539-94a7-4d0d-accb-28bd1a76d0a6,2026-08-24T10:09:22.905810Z,PM-42-EAST,5.44,3.52,2900,0.148,36.9,0
364d37e8-785d-40b1-9cbc-1bea71b05e5d,2026-08-14T06:08:22.905810Z,PM-42-EAST,4.63,3.2,2855,0.106,23.0,0
2fdc9cb1-c624-4b39-9bb9-49659c3114bd,2026-08-14T22:59:22.905810Z,PM-42-EAST,5.49,3.53,2936,0.102,29.2,0
7897fad3-d77b-40f1-9270-d7e0d64550c4,2026-08-17T17:06:22.905810Z,PM-42-EAST,5.15,3.3,2920,0.052,26.8,0
47d60b62-6c4d-4f95-8c7d-13ca887cc67d,2026-08-17T01:19:22.905810Z,PM-42-EAST,5.27,3.7,3120,0.123,19.3,0
36f78886-5a0c-4387-8dee-d382a2995051,2026-08-11T05:58:22.905810Z,PM-42-EAST,4.94,3.1,2891,0.107,17.0,0
53a317a2-4583-4f1d-87cd-e04a014d2295,2026-08-22T22:48:22.905810Z,PM-42-EAST,7.6,4.75,4054,0.484,17.9,1
91d4d0bc-23fd-4b4e-9926-1b0ca41cb1ba,2026-08-09T21:34:22.905810Z,PM-42-EAST,5.31,3.28,2811,0.068,29.9,0
5e45e96a-92ca-4dca-aac2-a847a7dcdc94,2026-08-11T23:32:22.905810Z,PM-42-EAST,4.98,3.74,2967,0.137,21.8,0
db5ceac7-84bc-443c-b832-e4145eeab91c,2026-08-08T21:12:22.905810Z,PM-42-EAST,4.52,3.5,3115,0.103,38.3,0
9cd46ab9-35c1-40a6-8385-044ed9fbd5d1,2026-08-21T17:08:22.905810Z,PM-42-EAST,7.21,5.26,4966,0.473,38.7,1
6a236f02-bf70-4a71-a670-a7f4769a9381,2026-08-08T04:58:22.905810Z,PM-42-EAST,4.6,3.51,2807,0.124,35.4,0
66574207-ad7c-4715-bd02-27ef167c93d8,2026-08-15T04:09:22.905810Z,PM-42-EAST,5.37,3.49,2812,0.137,28.8,0
83ef6281-8a96-4938-a6d1-3b04893a3136,2026-08-13T02:28:22.905810Z,PM-42-EAST,4.67,3.67,2938,0.085,27.7,0
3588ca26-e598-4ec3-b4b9-a8f0e85b7758,2026-08-19T01:24:22.905810Z,PM-42-EAST,4.98,3.32,2805,0.09,16.3,0
12554ed9-8529-4736-8dc2-29f3c82b8e33,2026-08-23T23:42:22.905810Z,PM-42-EAST,4.65,3.06,3085,0.104,37.5,0
20804e91-4e79-42fc-a43b-c7576011c58a,2026-08-17T00:18:22.905810Z,PM-42-EAST,4.8,3.67,3056,0.071,25.6,0
d8b6574d-8161-48c7-a50c-d8cc606725e1,2026-08-23T17:08:22.905810Z,PM-42-EAST,5.49,3.35,3138,0.122,29.4,0
bab628b1-d977-410d-ba26-f8ee77ac6991,2026-08-12T11:39:22.905810Z,PM-42-EAST,5.38,3.77,3183,0.06,34.4,0
979ce6bc-6816-4b2e-8d21-dca98ade3542,2026-08-13T13:26:22.905810Z,PM-42-EAST,4.92,3.66,2923,0.093,35.2,0
754fc0ac-c82e-4cf3-86ed-33914ba7c0c2,2026-08-12T03:56:22.905810Z,PM-42-EAST,4.52,3.09,3074,0.08,25.3,0
ed586bf0-12b3-41c3-94ce-5c301c3369d7,2026-08-19T23:18:22.905810Z,PM-42-EAST,4.56,3.16,2857,0.126,25.3,0
d3d7b52d-db81-470c-9511-f7cc3537f31c,2026-08-06T20:55:22.905810Z,PM-42-EAST,5.13,3.43,3136,0.071,15.2,0
94581f89-100b-4a4a-be68-66e5460031b2,2026-08-25T17:18:22.905810Z,PM-42-EAST,5.44,3.72,3030,0.111,23.0,0
0bbac82b-4bfa-4186-843d-fdbd8417caf5,2026-08-17T22:12:22.905810Z,PM-42-EAST,5.21,3.71,3085,0.137,37.6,0
137a76e5-b315-4d92-a387-0c68022f6535,2026-08-13T07:28:22.905810Z,PM-42-EAST,4.68,3.59,3154,0.1,18.5,0
f43cde99-be9b-46d4-b396-f5d64aa22949,2026-08-24T18:33:22.905810Z,PM-42-EAST,4.79,3.3,3177,0.084,33.9,0
5973e851-acb0-4b43-836d-b462aa060629,2026-08-24T19:30:22.905810Z,PM-42-EAST,8.48,4.58,4667,0.265,32.9,1
a8a90b64-17ac-4e8b-9219-2f5b83d5c7d9,2026-08-10T03:10:22.905810Z,PM-42-EAST,5.45,3.32,2951,0.098,17.4,0
a84b3131-d501-4ec9-972f-152cce6e7618,2026-08-13T17:46:22.905810Z,PM-42-EAST,4.67,3.31,3190,0.1,15.9,0
fd42069f-98ca-402c-a541-487a29457faf,2026-08-25T15:39:22.905810Z,PM-42-EAST,4.85,3.73,2977,0.134,19.3,0
2bbb46c8-772f-45f0-8c1c-9693f4f97157,2026-08-13T01:18:22.905810Z,PM-42-EAST,5.07,3.42,3102,0.124,25.0,0
65ab1d15-62d0-401d-8a9d-17cf6f3f596e,2026-08-18T03:16:22.905810Z,PM-42-EAST,4.86,3.55,3067,0.096,38.4,0
0b54f31b-f902-4560-bb79-78e6fb5326bc,2026-08-12T08:42:22.905810Z,PM-42-EAST,4.66,3.49,2986,0.101,24.1,0
afac17c4-5822-4dbf-8f12-a5f8053461d8,2026-08-11T06:55:22.905810Z,PM-42-EAST,5.5,3.74,3128,0.12,25.0,0
406f5e77-fcc2-40de-a495-9fdd39f9420d,2026-08-22T13:58:22.905810Z,PM-42-EAST,5.47,3.59,2800,0.143,15.2,0
84fd28d7-ef1d-4880-a599-55d55b962b62,2026-08-21T12:33:22.905810Z,PM-42-EAST,4.73,3.09,2914,0.091,31.5,0
5b39dc42-0214-401d-9c8e-11a831ba0116,2026-08-25T13:46:22.905810Z,PM-42-EAST,5.33,3.32,2827,0.067,20.5,0
6e023cbb-ac07-4fde-b36e-a40309598f8e,2026-08-07T07:34:22.905810Z,PM-42-EAST,5.34,3.16,3024,0.097,39.4,0
6a4769a7-3f44-4e1e-b898-2e02f4ada953,2026-08-11T17:18:22.905810Z,PM-42-EAST,5.25,3.02,3126,0.14,23.4,0
b6c081d1-637d-4fdd-b180-af7d6d5b4741,2026-08-23T20:35:22.905810Z,PM-42-EAST,5.45,3.01,3081,0.09,17.1,0
7f3dd809-7b52-417b-9916-0283a67e1ecf,2026-08-08T10:28:22.905810Z,PM-42-EAST,5.09,3.61,3071,0.065,25.0,0
a8a7fe52-1eba-4ab5-9dd9-eed796648c39,2026-08-08T01:48:22.905810Z,PM-42-EAST,4.89,3.2,2997,0.077,29.2,0
3c3d79a8-0878-4fcd-a348-4ab83e007002,2026-08-12T21:14:22.905810Z,PM-42-EAST,5.09,3.58,2826,0.104,31.5,0
a710e59c-39db-4c8a-b7ac-b89fe3499e10,2026-08-24T00:07:22.905810Z,PM-42-EAST,5.19,3.58,3087,0.121,32.4,0
72f665d0-c385-425b-a104-529588a2a8e3,2026-08-16T15:00:22.905810Z,PM-42-EAST,5.03,3.79,3127,0.094,33.5,0
75d6837c-6e0e-4331-afe7-bf8b499eb6cb,2026-08-15T03:53:22.905810Z,PM-42-EAST,5.06,3.68,2930,0.073,29.7,0
74bdbee0-ad89-41fc-b4a2-06234da3153d,2026-08-10T17:10:22.905810Z,PM-42-EAST,4.92,3.61,3149,0.13,29.6,0
1428e7ed-e8f3-435d-a4a1-7787413bdbb3,2026-08-12T05:15:22.905810Z,PM-42-EAST,5.19,3.31,3109,0.095,35.0,0
9e357567-d98e-4375-94f5-2e495a5eabbb,2026-08-15T05:20:22.905810Z,PM-42-EAST,5.02,3.48,3158,0.063,17.3,0
76dc3b03-98f1-4962-9dd0-8efc9efc7c3e,2026-08-18T05:41:22.905810Z,PM-42-EAST,5.17,3.14,2958,0.103,31.1,0
57b3fa2e-576f-4a82-8281-5ee0e18a3e51,2026-08-16T00:18:22.905810Z,PM-42-EAST,4.73,3.38,2864,0.082,39.9,0
2fc84ac5-8f92-448b-8c1e-68fa526c2eed,2026-08-06T06:23:22.905810Z,PM-42-EAST,4.52,3.11,3183,0.063,33.1,0
b0a99906-c177-4c3a-be38-a4a7a009e248,2026-08-07T18:36:22.905810Z,PM-42-EAST,5.16,3.74,3170,0.132,32.5,0
71bca71a-c7bd-42b3-a1ad-ae2b3028e6ac,2026-08-20T14:27:22.905810Z,PM-42-EAST,4.69,3.54,3075,0.147,39.5,0
ada9a794-3245-47f3-85de-b31f1368d5ad,2026-08-19T11:58:22.905810Z,PM-42-EAST,4.97,3.03,3054,0.114,18.2,0
cefe759e-e8b6-4324-85dc-f24a15cc1594,2026-08-25T23:03:22.905810Z,PM-42-EAST,5.28,3.8,2863,0.078,30.9,0
ca75d413-9d8c-45e7-aa77-43c10c2e68ff,2026-08-14T15:00:22.905810Z,PM-42-EAST,8.33,5.73,4416,0.359,21.8,1
44856563-10bc-4fd4-828e-bc4545d51f27,2026-08-11T05:24:22.905810Z,PM-42-EAST,5.12,3.43,2877,0.143,21.2,0
a0a343df-22ce-493a-8f03-4c2c652f07cf,2026-08-15T01:02:22.905810Z,PM-42-EAST,4.56,3.43,3188,0.051,31.5,0
ae88d562-d263-413e-8bfa-a5a4f790d7c2,2026-08-06T16:12:22.905810Z,PM-42-EAST,5.38,3.01,2926,0.091,16.0,0
ba799377-300e-4fd4-8cca-9c7d654f601f,2026-08-26T12:58:22.905810Z,PM-42-EAST,4.97,3.67,2934,0.06,16.2,0
2177f08a-b822-4b81-8628-ce65c5950ddd,2026-08-13T04:31:22.905810Z,PM-42-EAST,4.98,3.05,2801,0.077,25.7,0
f7bafbf8-85f0-401c-96fb-074c8cf9cfa1,2026-08-19T08:06:22.905810Z,PM-42-EAST,4.66,3.11,3125,0.068,34.8,0
35f2473b-f4b9-450f-b7c2-87976b562c09,2026-08-16T16:14:22.905810Z,PM-42-EAST,4.54,3.56,3155,0.111,16.1,0
2c874871-ccd8-4092-bacb-c572eb353659,2026-08-11T16:44:22.905810Z,PM-42-EAST,5.28,3.73,2893,0.058,31.3,0
8378734a-267e-4a14-9310-9bdaa420bcdc,2026-08-27T12:18:22.905810Z,PM-42-EAST,4.93,3.53,2954,0.115,24.9,0
780172e6-983f-4f58-9e86-a387be900c83,2026-08-21T09:02:22.905810Z,PM-42-EAST,4.92,3.59,3087,0.062,30.6,0
976f4a66-2827-4baa-8dca-526da3eee67e,2026-08-08T15:25:22.905810Z,PM-42-EAST,4.6,3.72,2867,0.126,31.1,0
baf0a6cb-9bb1-479d-98b1-2e232e647432,2026-08-07T02:24:22.905810Z,PM-42-EAST,4.92,3.38,2894,0.058,25.7,0
82867fb1-2035-48e7-bc6a-5ffd86cdc767,2026-08-26T12:21:22.905810Z,PM-42-EAST,4.68,3.05,2882,0.067,15.7,0
36498c9e-7c41-41e9-ad6c-adaeacf4fa9c,2026-08-21T21:18:22.905810Z,PM-42-EAST,5.41,3.38,2833,0.12,33.1,0
cc3346f6-7ac9-4c4f-8014-3ab91b3df1c3,2026-08-10T05:33:22.905810Z,PM-42-EAST,5.16,3.4,2950,0.095,28.9,0
0f333600-7005-4d04-bed9-476b0051a478,2026-08-20T18:42:22.905810Z,PM-42-EAST,4.89,3.29,3073,0.136,37.2,0
1e2b7a11-6a2b-4cb2-9e8a-dc0dad9115a9,2026-08-27T01:32:22.905810Z,PM-42-EAST,5.01,3.63,2915,0.054,36.4,0
1edfabff-8e01-4079-801a-51ba40a60185,2026-08-20T01:18:22.905810Z,PM-42-EAST,4.58,3.8,3072,0.07,24.7,0
f8e7b69d-4fa1-4ad1-8c71-382794c8063e,2026-08-07T22:03:22.905810Z,PM-42-EAST,4.68,3.72,3188,0.062,21.4,0
4259eb06-d399-4dfd-a179-7457f12914a9,2026-08-24T10:24:22.905810Z,PM-42-EAST,4.96,3.02,2968,0.079,22.9,0
5e8afb3e-b82a-4fcb-8293-64e17c9f2157,2026-08-20T03:18:22.905810Z,PM-42-EAST,4.95,3.78,3008,0.091,26.2,0
6f62d95b-ad04-4128-8e1e-0e382687aff7,2026-08-14T15:26:22.905810Z,PM-42-EAST,4.91,3.61,3172,0.089,35.1,0
2a1d6684-cbc0-4593-83b7-96c78bdd9687,2026-08-08T08:08:22.905810Z,PM-42-EAST,5.19,3.41,2856,0.089,34.4,0
a59ab34c-b655-408a-b6fd-0d98b3edb252,2026-08-14T16:18:22.905810Z,PM-42-EAST,5.04,3.38,3116,0.121,19.6,0
2ee50670-d667-46fd-9e85-ad9aadf881be,2026-08-27T18:47:22.905810Z,PM-42-EAST,4.71,3.74,3001,0.057,31.6,0
547ecdd8-1af9-4174-885f-f577bd7150a1,2026-08-06T18:30:22.905810Z,PM-42-EAST,5.18,3.0,2999,0.095,38.6,0
26e75f35-f4ef-4098-9484-519d11583cd0,2026-08-14T17:36:22.905810Z,PM-42-EAST,4.52,3.04,3089,0.081,30.2,0
2dd3c84f-8316-4272-b411-381a2fea04d5,2026-08-09T23:14:22.905810Z,PM-42-EAST,5.01,3.58,3127,0.079,22.9,0
56892b34-9568-4b29-ad29-42920e901964,2026-08-09T23:28:22.905810Z,PM-42-EAST,4.62,3.57,3063,0.079,29.8,0
9cf0a1f3-d9b5-4182-82d5-b45f7367c334,2026-08-25T23:42:22.905810Z,PM-42-EAST,5.28,3.33,2845,0.148,38.9,0
75c04b16-b90b-4ad8-8926-6dc7cccd59b7,2026-08-27T15:04:22.905810Z,PM-42-EAST,4.58,3.78,2932,0.058,39.4,0
ad1eb3a9-bb2b-4e10-b569-7220cb285c96,2026-08-14T19:46:22.905810Z,PM-42-EAST,5.4,3.1,3148,0.129,33.9,0
4e69f1d8-d4f4-43f7-a994-dc6ce4597f98,2026-08-20T11:18:22.905810Z,PM-42-EAST,4.74,3.77,3099,0.057,37.9,0
0ad9e45e-62df-4bda-9402-93644a1513bb,2026-08-10T00:38:22.905810Z,PM-42-EAST,4.97,3.3,3164,0.121,22.1,0
bcb9a77d-7bf4-42df-ae32-7d1ee7528396,2026-08-28T14:18:22.905810Z,PM-42-EAST,4.89,3.74,2894,0.121,32.9,0
b0c79968-44e6-429d-b79c-e3eff38f399e,2026-08-10T01:06:22.905810Z,PM-42-EAST,4.6,3.13,2845,0.131,25.9,0
c0b71fff-5a77-45c1-b22c-fd0a36e6cf78,2026-08-06T19:36:22.905810Z,PM-42-EAST,4.77,3.4,2868,0.126,27.0,0
7e1a9efd-a689-4532-b34b-c4d49b1d4cf6,2026-08-27T12:06:22.905810Z,PM-42-EAST,5.06,3.61,3063,0.068,36.6,0
6b6bd138-a50f-4cf7-88d3-05185de135ec,2026-08-12T02:33:22.905810Z,PM-42-EAST,5.1,3.71,2959,0.089,33.4,0
20149bbe-cbfd-471f-b4c5-b092542e4755,2026-08-13T17:56:22.905810Z,PM-42-EAST,4.63,3.1,3084,0.132,19.7,0
989787a6-62ec-4dc5-9a43-b8edf134f257,2026-08-18T15:43:22.905810Z,PM-42-EAST,5.48,3.71,2861,0.136,20.4,0
0facca65-2aac-486c-b07a-2b04f852dd77,2026-08-21T22:42:22.905810Z,PM-42-EAST,5.37,3.71,3062,0.083,28.5,0
8190c969-b12c-4b2a-ba99-559820bb093a,2026-08-10T22:22:22.905810Z,PM-42-EAST,5.42,3.51,3113,0.065,26.4,0
1a7259ea-8d1d-46af-aa31-d8529bbf1221,2026-08-18T07:38:22.905810Z,PM-42-EAST,5.14,3.3,2953,0.12,24.5,0
740645e0-675c-4e46-8972-ae6e6b8ef04b,2026-08-08T21:39:22.905810Z,PM-42-EAST,5.45,3.08,3060,0.113,23.1,0
b042659e-2ccc-4b7d-b399-85aff6e37cb8,2026-08-19T14:22:22.905810Z,PM-42-EAST,4.75,3.15,2835,0.122,29.8,0
0d0fb630-ed4b-4150-94c8-1bd281d0f62f,2026-08-22T22:03:22.905810Z,PM-42-EAST,4.67,3.74,2861,0.141,34.7,0
da18a61d-85ee-4a6b-a42c-a8514f31844b,2026-08-14T06:54:22.905810Z,PM-42-EAST,5.04,3.06,2827,0.06,36.3,0
3e54e026-7649-4be1-b157-2385b503d7f3,2026-08-22T13:38:22.905810Z,PM-42-EAST,5.22,3.63,2878,0.128,26.1,0
c12fa8ce-d859-469c-8dc4-86b43c908616,2026-08-24T16:02:22.905810Z,PM-42-EAST,4.64,3.45,3179,0.114,30.6,0
23f20c8c-2eb3-4d89-9682-c58c5c1e5eed,2026-08-18T21:33:22.905810Z,PM-42-EAST,7.9,5.37,4820,0.425,37.2,1
29ce5388-6169-462f-8591-20dc527e8514,2026-08-19T08:06:22.905810Z,PM-42-EAST,5.2,3.7,2867,0.138,38.6,0
de80c0d2-ba84-45dc-8521-1de186d34ae8,2026-08-26T20:24:22.905810Z,PM-42-EAST,4.65,3.32,3140,0.119,39.5,0
7ec9376a-d8e2-4f75-8faf-6284788982d1,2026-08-13T23:18:22.905810Z,PM-42-EAST,5.42,3.5,2832,0.088,23.5,0
18a7cd2b-bc5f-4138-bf9c-68ccdc9661cd,2026-08-08T13:28:22.905810Z,PM-42-EAST,5.3,3.12,3136,0.101,36.2,0
89bd3cef-c3e3-4ac2-8eb2-e85fedc9c889,2026-08-17T08:20:22.905810Z,PM-42-EAST,5.15,3.52,3098,0.095,31.9,0
fdccae9b-2f37-42bd-a32c-3133d9a1f4df,2026-08-21T23:24:22.905810Z,PM-42-EAST,5.04,3.44,2875,0.12,37.1,0
05d45e2d-4ca9-4a2f-8536-7ac476befd4f,2026-08-10T06:14:22.905810Z,PM-42-EAST,5.23,3.66,2842,0.083,20.2,0
ca7b7186-a1af-4ce0-9ae4-98ce7ffb7752,2026-08-27T01:48:22.905810Z,PM-42-EAST,5.15,3.71,3158,0.081,39.8,0
aa2a4fca-3fbf-402b-8978-154562048212,2026-08-27T22:54:22.905810Z,PM-42-EAST,5.24,3.46,3068,0.091,35.6,0
0f55873b-04b4-4400-a983-f48fcb5aefe7,2026-08-13T15:52:22.905810Z,PM-42-EAST,6.51,5.7,4939,0.289,27.4,1
34f13a35-9442-4ce9-93e2-8580cd58fc38,2026-08-13T16:14:22.905810Z,PM-42-EAST,5.15,3.37,2938,0.089,34.9,0
803ce1e8-b334-4143-aad0-4a45d81d8b58,2026-08-28T11:51:22.905810Z,PM-42-EAST,5.49,3.75,2825,0.107,29.5,0
de5c89e0-71c4-4909-9b4d-05934caef312,2026-08-12T20:38:22.905810Z,PM-42-EAST,4.7,3.77,2819,0.135,36.0,0
62b10682-66fa-4ee2-90ea-6aed3dfe74dd,2026-08-10T18:03:22.905810Z,PM-42-EAST,4.67,3.09,3143,0.068,17.1,0
ea62a161-f2f0-4d47-9cb3-89c63cab57dc,2026-08-24T18:54:22.905810Z,PM-42-EAST,4.97,3.02,3123,0.101,38.0,0
8dbd2939-5dfb-4d62-9708-ab3b3930d943,2026-08-17T03:48:22.905810Z,PM-42-EAST,5.38,3.61,3117,0.067,20.9,0
6162b8d2-8787-453b-b165-d7e0a7052a49,2026-08-07T08:56:22.905810Z,PM-42-EAST,4.88,3.1,2972,0.095,26.3,0
36ffae44-072c-48c1-a962-4722b863bf6c,2026-08-23T04:18:22.905810Z,PM-42-EAST,5.33,3.04,3008,0.137,27.5,0
26d181df-e89b-467b-bd7c-eb42f52b9075,2026-08-20T15:26:22.905810Z,PM-42-EAST,4.91,3.73,3049,0.103,23.6,0
059e5ad8-575a-4d00-a0de-a40600584094,2026-08-18T12:39:22.905810Z,PM-42-EAST,6.81,5.03,4496,0.28,39.7,1
b0d717bd-b28c-43c9-88a9-ab21e6619836,2026-08-12T02:42:22.905810Z,PM-42-EAST,4.83,3.26,3079,0.081,29.6,0
7ae9f654-85d8-454b-8903-854e38019b66,2026-08-25T21:08:22.905810Z,PM-42-EAST,5.08,3.01,2936,0.081,33.8,0
c4adfe41-15ca-4f91-83cd-ae268bf94b6e,2026-08-18T14:18:22.905810Z,PM-42-EAST,5.34,3.7,3155,0.123,32.8,0
ddbd87e6-2854-4b51-b1db-9a219fd3ff74,2026-08-10T20:33:22.905810Z,PM-42-EAST,5.44,3.56,2983,0.118,32.9,0
f0932d09-70e7-40d7-b659-8dcd4875cab5,2026-08-30T07:18:22.905810Z,PM-42-EAST,4.52,3.51,2980,0.103,18.9,0
e6e4594f-5bb5-4a84-b973-0bf89b513886,2026-08-28T04:23:22.905810Z,PM-42-EAST,5.38,3.43,3006,0.098,17.5,0
f842adba-9f49-4ff2-a1d7-69008bbbc0cb,2026-08-09T03:42:22.905810Z,PM-42-EAST,5.18,3.44,2876,0.108,39.0,0
bab68994-6450-4e6d-bf02-09e4d819fff3,2026-08-11T07:58:22.905810Z,PM-42-EAST,5.05,3.79,3029,0.093,19.4,0
34126a05-e124-487f-b0e3-42928efef5c4,2026-08-30T11:18:22.905810Z,PM-42-EAST,4.92,3.73,2967,0.132,16.9,0
80126091-4a40-4910-ae5c-c66b27be20c8,2026-08-26T03:48:22.905810Z,PM-42-EAST,5.48,3.51,2993,0.066,21.4,0
a399848a-b325-41bf-8f75-780628aef197,2026-08-20T23:02:22.905810Z,PM-42-EAST,4.61,3.32,2867,0.121,36.3,0
d05028d9-8dbd-40d5-9aef-e0a9d8551fe9,2026-08-24T22:01:22.905810Z,PM-42-EAST,4.69,3.16,3036,0.116,16.9,0
cd3bc41c-36c9-469c-9b81-27f651969cae,2026-08-09T15:18:22.905810Z,PM-42-EAST,4.78,3.23,2977,0.099,30.4,0
363221a7-5244-4448-a9d0-cf653b2ccabb,2026-08-12T06:36:22.905810Z,PM-42-EAST,4.66,3.09,2862,0.068,30.5,0
9510e42b-0f95-4b33-8b79-6032268e235a,2026-08-21T12:06:22.905810Z,PM-42-EAST,4.78,3.37,3039,0.115,22.3,0
b4e0fbb1-2316-4b99-9062-28bf2ca3a782,2026-08-10T13:00:22.905810Z,PM-42-EAST,5.03,3.77,3169,0.078,39.1,0
c52f1404-380f-4eb7-b110-c63b011bf0e3,2026-08-14T01:46:22.905810Z,PM-42-EAST,4.88,3.72,3068,0.149,18.9,0
403f0cf2-76c3-4fc8-b79f-d828d6ac8860,2026-08-21T03:28:22.905810Z,PM-42-EAST,5.2,3.48,3069,0.075,17.3,0
77742de2-83aa-40da-9f6f-dd385b28e7e5,2026-08-10T13:42:22.905810Z,PM-42-EAST,4.56,3.7,2865,0.118,33.8,0
6bc5e78b-876d-4133-a7ff-1fdee8a25a9e,2026-08-19T20:53:22.905810Z,PM-42-EAST,4.81,3.65,2819,0.113,37.8,0
0db7cd1b-4ba2-49f7-b7cf-9d1f912d04b0,2026-08-24T07:48:22.905810Z,PM-42-EAST,4.55,3.39,2933,0.127,22.7,0
e8a7ab54-7c0f-417c-852c-1752182c8343,2026-08-15T22:12:22.905810Z,PM-42-EAST,5.37,3.06,2988,0.061,15.9,0
b306d758-ee47-437a-9d50-15b99df94250,2026-08-08T09:18:22.905810Z,PM-42-EAST,4.72,3.33,3001,0.09,31.9,0
939620a2-3bc8-487a-9cf1-0e29f7e1401a,2026-08-10T14:52:22.905810Z,PM-42-EAST,5.15,3.37,2970,0.132,19.2,0
36ab75c4-f1db-417a-b13d-afb38adec10f,2026-08-29T08:30:22.905810Z,PM-42-EAST,4.95,3.45,3043,0.077,33.7,0
d2df33ae-6966-4b0d-8d4a-54b1212395f3,2026-08-15T13:13:22.905810Z,PM-42-EAST,5.3,3.48,3123,0.089,19.8,0
f08ed51b-c5fe-4b20-9e60-6f594281c623,2026-08-10T04:50:22.905810Z,PM-42-EAST,4.59,3.4,2877,0.112,38.4,0
c76956b3-1872-4965-a371-7a59e9965cdc,2026-08-15T14:03:22.905810Z,PM-42-EAST,5.44,3.35,2821,0.056,26.0,0
5f4594a2-b77f-4bea-a9d6-b63537fd70f2,2026-08-23T05:30:22.905810Z,PM-42-EAST,4.76,3.19,3076,0.111,37.2,0
52e0b7e9-18da-490a-9ed9-65679bcf352f,2026-08-27T18:02:22.905810Z,PM-42-EAST,4.71,3.69,3179,0.136,36.8,0
6c41d795-0b4a-472d-ac56-feb7abe9c490,2026-08-10T16:30:22.905810Z,PM-42-EAST,4.92,3.52,3199,0.096,22.0,0
98450942-123b-478b-a4a1-a81a63e7e2f1,2026-08-13T20:27:22.905810Z,PM-42-EAST,5.05,3.57,2886,0.089,15.5,0
7d6adb86-51fb-47e3-809e-24ee9edceab1,2026-08-22T10:38:22.905810Z,PM-42-EAST,8.29,5.15,4829,0.415,16.5,1
271b3d22-1d4b-418a-b97c-a3b1e36aa4e8,2026-08-20T15:54:22.905810Z,PM-42-EAST,5.05,3.1,2852,0.055,15.5,0
d55686fa-8756-4c86-9bec-302fbe1cc11d,2026-08-22T22:50:22.905810Z,PM-42-EAST,4.71,3.55,3110,0.052,17.1,0
c68d9a15-0095-4849-a638-78ed186a1052,2026-08-24T08:10:22.905810Z,PM-42-EAST,5.17,3.4,3064,0.066,30.6,0
9e54b84a-bbdf-4c0a-b6a4-0dc6d75df019,2026-08-13T22:12:22.905810Z,PM-42-EAST,5.13,3.62,2808,0.144,24.0,0
88a8c3bf-8e36-4ed0-9927-19fc3c1d1475,2026-08-28T00:58:22.905810Z,PM-42-EAST,5.39,3.54,2876,0.082,25.6,0
c07ad6a6-f121-4c0c-9b96-8904d96b638b,2026-08-27T03:58:22.905810Z,PM-42-EAST,5.41,3.21,3194,0.085,29.0,0
1b86c8a7-85a4-42a5-8f3f-1ef1e9ea9ca6,2026-08-08T22:48:22.905810Z,PM-42-EAST,4.92,3.41,2989,0.145,18.1,0
3e8b39b8-baba-4346-943a-3fe59aee8286,2026-08-26T18:40:22.905810Z,PM-42-EAST,5.41,3.25,2814,0.09,21.2,0
d84ebf0c-f14c-490f-bd61-51ccca03a556,2026-08-13T12:58:22.905810Z,PM-42-EAST,5.02,3.14,2825,0.08,32.1,0
a0df0edf-d0db-45de-888a-9d2e55c334d5,2026-08-06T16:18:22.905810Z,PM-42-EAST,4.54,3.51,2823,0.145,27.7,0
251f1f80-6978-4d3f-83c6-062848a1f079,2026-08-16T07:44:22.905810Z,PM-42-EAST,4.79,3.19,2986,0.078,15.8,0
bd9d90f7-7b76-426b-b87c-6466f1c07a95,2026-08-16T19:12:22.905810Z,PM-42-EAST,4.63,3.24,2928,0.119,30.4,0
7eda5a45-340b-45c0-9c8e-848bc90a0bc2,2026-08-23T06:21:22.905810Z,PM-42-EAST,4.87,3.78,3076,0.108,38.0,0
38dce196-9720-4501-8fdf-57d682268d64,2026-08-19T03:26:22.905810Z,PM-42-EAST,5.17,3.79,2816,0.055,38.0,0
52177056-46f7-467d-aa82-14bfb768c8d8,2026-08-17T18:43:22.905810Z,PM-42-EAST,4.8,3.39,3003,0.064,28.1,0
3ed45d65-14ce-4a63-8932-56dc91de297b,2026-08-08T13:12:22.905810Z,PM-42-EAST,5.2,3.55,2919,0.053,22.9,0
3381605b-9c87-4e53-b222-8b96e232773f,2026-08-07T04:00:22.905810Z,PM-42-EAST,4.72,3.42,2854,0.055,24.3,0
304aded0-2530-45fe-82f9-f72a82b301bc,2026-08-11T19:26:22.905810Z,PM-42-EAST,4.93,3.28,3151,0.116,24.7,0
3c365e36-6e2a-4949-b5cd-e23767db9964,2026-08-19T06:06:22.905810Z,PM-42-EAST,5.47,3.17,3026,0.119,38.8,0
fc6cd6a4-64cd-407b-95c2-233961de93f9,2026-08-30T10:38:22.905810Z,PM-42-EAST,4.93,3.58,3158,0.061,24.6,0
894a9a8c-b58a-46d2-8a43-403c9d11cc6c,2026-08-21T03:54:22.905810Z,PM-42-EAST,5.42,3.12,2953,0.095,26.6,0
e2c866ac-80c6-40a2-8887-122b00a0823d,2026-08-16T01:18:22.905810Z,PM-42-EAST,4.61,3.16,3016,0.098,36.8,0
ca4401d8-d3fe-4f85-a3a9-ac3e288630c2,2026-08-23T13:11:22.905810Z,PM-42-EAST,5.16,3.2,2816,0.104,34.6,0
484bb2a6-f63d-4915-a812-408674e8d68e,2026-08-17T00:36:22.905810Z,PM-42-EAST,5.27,3.68,3020,0.127,32.7,0
d11e3b73-221b-45fc-831e-3d22e099c472,2026-08-13T18:18:22.905810Z,PM-42-EAST,8.19,5.92,4665,0.311,22.6,1
b1e39e81-99a4-4220-9cfb-8326790f6c24,2026-08-22T05:26:22.905810Z,PM-42-EAST,4.82,3.03,2921,0.136,28.0,0
2c7ebd37-897b-4833-a95d-c3267bc49466,2026-08-31T04:27:22.905810Z,PM-42-EAST,5.19,3.67,3022,0.097,22.2,0
31377517-0a61-416a-a2f5-06bbd7e37460,2026-08-17T13:42:22.905810Z,PM-42-EAST,5.41,3.37,2839,0.148,20.9,0
6bcbc9ca-2c4e-4435-b2bc-aeb2cc7143a0,2026-08-25T03:14:22.905810Z,PM-42-EAST,4.69,3.68,2866,0.131,33.2,0
56dadba4-8de2-41ed-b714-8b67c7615596,2026-08-29T21:18:22.905810Z,PM-42-EAST,8.28,5.85,4480,0.278,17.3,1
94f6afad-b833-49e9-9dcc-f67ec77114ff,2026-08-22T19:57:22.905810Z,PM-42-EAST,4.71,3.37,2932,0.089,38.5,0
ebfbc8a8-38a3-4dfa-af4f-b37ef4c73b88,2026-08-14T08:00:22.905810Z,PM-42-EAST,5.02,3.37,2839,0.099,25.6,0
277e75de-77c3-4810-a9f8-64d44cbd8f5d,2026-08-24T07:24:22.905810Z,PM-42-EAST,5.4,3.55,2963,0.114,28.4,0
1e2e0106-7d0d-4292-92b1-01aaa65483de,2026-08-21T11:42:22.905810Z,PM-42-EAST,5.46,3.56,2934,0.136,18.2,0
7cb2addb-32d8-4df3-87a3-35b14d4ebf5d,2026-08-22T11:08:22.905810Z,PM-42-EAST,4.71,3.27,2821,0.085,27.4,0
e6296a83-fdf7-4c6b-9ddb-af6018c6dc1b,2026-08-24T20:56:22.905810Z,PM-42-EAST,5.21,3.41,3033,0.079,31.6,0
eb9c5b40-06b5-4d33-b018-c571df34be5d,2026-08-20T03:09:22.905810Z,PM-42-EAST,5.2,3.66,3178,0.083,21.0,0
b9788da1-8a3f-4e40-b9bc-a1371d4f467b,2026-08-26T20:14:22.905810Z,PM-42-EAST,5.4,3.72,3199,0.094,23.2,0
3691ce3c-ebc3-486b-9ddd-6b04b1e7548c,2026-08-25T22:03:22.905810Z,PM-42-EAST,5.5,3.29,3068,0.136,36.1,0
f05a317b-43a5-41a6-8cb1-f5f8b564a14b,2026-08-24T00:48:22.905810Z,PM-42-EAST,7.5,5.37,4839,0.424,15.4,1
78ae878b-c6b1-4d60-9f84-cb1ba3cf2efe,2026-08-25T12:02:22.905810Z,PM-42-EAST,4.73,3.21,2883,0.063,36.2,0
804e45ed-08ff-4d08-a763-3a72ef584b1f,2026-08-19T18:22:22.905810Z,PM-42-EAST,5.23,3.05,3033,0.132,24.4,0
d891fd99-aca8-4fc3-a1b9-e52328c54d91,2026-08-29T21:27:22.905810Z,PM-42-EAST,4.93,3.32,3186,0.076,31.0,0
025c6343-07a3-4149-bc83-937291a30c58,2026-08-09T04:58:22.905810Z,PM-42-EAST,5.23,3.76,3067,0.099,21.1,0
dc75f1ea-70fb-47cd-8538-93a11801ef3e,2026-08-27T13:18:22.905810Z,PM-42-EAST,4.93,3.48,3043,0.134,21.8,0
1158a503-f5c8-4089-9236-35fdb9358843,2026-08-12T14:30:22.905810Z,PM-42-EAST,6.79,5.22,4252,0.267,29.4,1
83d91807-46a7-43a1-b8d1-54663e1492e7,2026-08-22T18:44:22.905810Z,PM-42-EAST,5.24,3.77,3012,0.116,22.7,0
169a509b-8c27-48c2-8688-4998028ef060,2026-08-17T11:24:22.905810Z,PM-42-EAST,5.22,3.69,3011,0.068,24.1,0
816c453e-840e-4ae3-913a-2063a6990c46,2026-08-19T22:06:22.905810Z,PM-42-EAST,4.57,3.28,2809,0.115,15.2,0
3919e47e-7b38-4263-b0c1-65ae1af60756,2026-08-11T04:38:22.905810Z,PM-42-EAST,4.79,3.55,3029,0.13,38.1,0
976aad0e-6428-4055-bd8c-49e5e79792a2,2026-08-16T13:23:22.905810Z,PM-42-EAST,5.11,3.8,2883,0.095,26.7,0
5bdb1fb2-5f79-4b77-83d7-99377122ad44,2026-09-01T04:12:22.905810Z,PM-42-EAST,4.99,3.59,2903,0.114,26.0,0
99593885-9f91-4cf8-bdf0-c944c4d979ec,2026-08-31T17:26:22.905810Z,PM-42-EAST,5.2,3.71,2934,0.077,20.9,0
cce51535-9b3e-4a2c-8b50-7672abd6f94e,2026-08-08T18:54:22.905810Z,PM-42-EAST,5.08,3.49,2990,0.055,33.3,0
19c9e838-498e-461c-b2d1-d008a02ba7d6,2026-08-08T07:18:22.905810Z,PM-42-EAST,4.81,3.36,2958,0.111,35.1,0
0fa63ace-5310-475f-91db-f733e6ee388d,2026-08-21T13:08:22.905810Z,PM-42-EAST,4.75,3.72,3121,0.064,38.9,0
f2241295-3401-4f54-9315-728edfe07072,2026-08-11T06:16:22.905810Z,PM-42-EAST,4.78,3.69,3127,0.084,15.7,0
cd302332-b8eb-4ecd-9a6f-76ac15a5e8aa,2026-08-24T13:06:22.905810Z,PM-42-EAST,4.72,3.23,3118,0.129,30.7,0
b5f4f948-ff8c-4bad-89fd-5fc21af73988,2026-08-30T11:35:22.905810Z,PM-42-EAST,4.61,3.58,3129,0.11,19.8,0
87a4442f-f118-4600-ba40-b96297bc625a,2026-08-18T04:38:22.905810Z,PM-42-EAST,4.89,3.61,3108,0.074,32.1,0
7011d14e-697b-426d-849b-2214c8887805,2026-08-11T19:03:22.905810Z,PM-42-EAST,5.19,3.22,2964,0.098,30.4,0
24015fcd-7d99-4f86-9eb1-c65cc0cc9e85,2026-08-20T05:02:22.905810Z,PM-42-EAST,4.58,3.72,2898,0.144,35.1,0
c367316e-1622-433c-be5f-8820a5e7fb65,2026-08-21T05:20:22.905810Z,PM-42-EAST,4.88,3.43,2983,0.068,23.2,0
9b746f9d-2b1f-4f21-b215-73aeb0e70e25,2026-08-23T17:24:22.905810Z,PM-42-EAST,4.86,3.05,2902,0.087,38.9,0
5fe2ab00-d7c6-4627-9bc8-a29556f6abf1,2026-08-20T18:33:22.905810Z,PM-42-EAST,4.91,3.79,3167,0.086,27.2,0
b542a2df-3655-46c6-9940-dcb66d751d4f,2026-08-16T19:38:22.905810Z,PM-42-EAST,5.38,3.1,2812,0.06,28.2,0
2d957f33-1524-43fc-8a24-ddf79c84a0fe,2026-08-08T08:54:22.905810Z,PM-42-EAST,5.49,3.24,2877,0.088,33.9,0
4bce5fd4-c4c8-4021-ac2b-0df6ed62f69f,2026-08-25T19:52:22.905810Z,PM-42-EAST,5.16,3.24,3028,0.093,16.0,0
cb1861d4-c34f-47a0-9842-285a31beeb02,2026-08-09T21:07:22.905810Z,PM-42-EAST,5.1,3.27,3128,0.061,37.6,0
684e64e6-8dce-4fec-bbc4-2be11a47ef3e,2026-08-17T21:18:22.905810Z,PM-42-EAST,5.15,3.25,2893,0.1,30.5,0
896b4812-0bd3-4109-af02-e3890503791f,2026-08-15T09:40:22.905810Z,PM-42-EAST,5.24,3.37,3144,0.065,19.0,0
5d5096eb-3442-447d-938c-826cbdc3e3b2,2026-09-01T11:10:22.905810Z,PM-42-EAST,5.24,3.68,3024,0.107,23.3,0
ac2896f3-0c44-4c87-b326-f49cce2f68be,2026-08-25T11:24:22.905810Z,PM-42-EAST,5.07,3.24,2807,0.129,21.3,0
dec16436-8669-452a-98d1-ebd03d1f9468,2026-08-07T21:46:22.905810Z,PM-42-EAST,8.0,5.69,3854,0.269,22.8,1
0b1aca57-b8ca-40d7-a226-54a549d3ca0f,2026-08-15T11:08:22.905810Z,PM-42-EAST,4.77,3.75,2998,0.124,36.0,0
e855528d-2542-4c56-a598-847cb780f066,2026-08-09T22:24:22.905810Z,PM-42-EAST,5.05,3.34,3113,0.097,39.7,0
a49ade43-021f-49e4-ab1c-c5904a78f449,2026-08-21T13:16:22.905810Z,PM-42-EAST,4.52,3.65,2841,0.06,19.1,0
97458a3f-7a50-41e5-bd0b-dafc4f20d549,2026-08-22T14:06:22.905810Z,PM-42-EAST,4.57,3.36,3131,0.148,20.4,0
72582ffb-e5c9-49e4-9474-d9acd104634b,2026-08-24T15:18:22.905810Z,PM-42-EAST,5.38,3.44,3107,0.053,28.5,0
96c0f9c0-35d1-429a-95f6-c37235200b3c,2026-08-28T17:18:22.905810Z,PM-42-EAST,4.85,3.6,2893,0.08,22.6,0
fd5a6576-0fc9-4e86-9626-c4f8d7ad04d5,2026-08-19T02:37:22.905810Z,PM-42-EAST,4.54,3.05,2853,0.075,36.8,0
9d2c0d07-c0de-486e-9b85-4f68d279536b,2026-08-13T12:54:22.905810Z,PM-42-EAST,4.88,3.16,3123,0.136,36.3,0
0968bc95-b075-434b-94db-359ca71db5f0,2026-09-01T09:13:22.905810Z,PM-42-EAST,4.68,3.55,3076,0.056,19.6,0
c13a9098-b43e-4e46-b1e4-e8fb4c3af9b6,2026-08-18T15:50:22.905810Z,PM-42-EAST,5.05,3.72,3017,0.052,35.8,0
a58f3ec1-b414-40f7-9209-a5018f7eee3e,2026-09-04T00:18:22.905810Z,PM-42-EAST,4.72,3.66,3150,0.052,28.9,0
65b9a07c-bae1-4574-babf-a56b5d311d1f,2026-08-07T10:54:22.905810Z,PM-42-EAST,5.44,3.21,3174,0.078,19.3,0
a9e6e35d-5e67-46c5-b130-0e894ea8c8be,2026-08-07T23:17:22.905810Z,PM-42-EAST,4.57,3.72,3045,0.074,25.5,0
aaeabf00-e1f1-4e02-be76-a54d0691f1c1,2026-08-08T11:42:22.905810Z,PM-42-EAST,4.57,3.47,3065,0.067,38.2,0
b12474ae-b684-4eef-889e-474a6cc31f61,2026-08-29T12:49:22.905810Z,PM-42-EAST,5.37,3.64,2811,0.127,25.2,0
fbe12e08-69fd-4adf-8f7e-598966fcbf3d,2026-08-26T11:38:22.905810Z,PM-42-EAST,5.5,3.73,2911,0.096,15.4,0
bc014bf9-b20a-47f4-9521-4aefef2d4399,2026-08-14T03:57:22.905810Z,PM-42-EAST,4.6,3.41,3087,0.139,17.8,0
c34c87d6-c153-44c1-be84-bb58a113be0b,2026-08-15T17:22:22.905810Z,PM-42-EAST,4.68,3.45,3181,0.095,32.5,0
2a25c268-7f27-48ce-821d-dfb9fc8160d0,2026-08-06T23:13:22.905810Z,PM-42-EAST,8.36,5.83,4374,0.349,21.2,1
eec30986-1aad-47f8-bfa1-940fe401ecb9,2026-08-15T05:42:22.905810Z,PM-42-EAST,4.64,3.31,3095,0.098,17.8,0
ab1dbb6d-e0a1-4f03-a860-6c88729a6e2d,2026-08-08T00:13:22.905810Z,PM-42-EAST,5.23,3.39,2874,0.069,29.6,0
a018de80-8263-4222-bf85-c3f49fd09779,2026-08-20T10:44:22.905810Z,PM-42-EAST,5.47,3.03,2809,0.149,17.0,0
bd2a9a2d-8b9b-495c-acb2-6ab4db1eb9fc,2026-08-14T05:51:22.905810Z,PM-42-EAST,4.61,3.11,3101,0.075,27.0,0
05bfb169-dd29-4448-b2a4-0ada91b822cf,2026-08-28T19:14:22.905810Z,PM-42-EAST,4.71,3.42,3063,0.055,20.4,0
65e21e99-5108-4d0c-bcee-c473fc1fa6fb,2026-08-15T19:56:22.905810Z,PM-42-EAST,4.72,3.55,3101,0.098,23.3,0
eddfbf6a-9351-4149-aaf9-96629fdd963f,2026-09-01T12:18:22.905810Z,PM-42-EAST,5.42,3.06,2923,0.126,17.3,0
5fd84d71-33f1-4328-99ed-5a64d4e5ae15,2026-08-29T22:37:22.905810Z,PM-42-EAST,4.69,3.05,2996,0.08,15.9,0
a2632756-b18c-4f6f-881f-8946cbd9504e,2026-08-16T09:34:22.905810Z,PM-42-EAST,5.18,3.47,2949,0.126,21.3,0
3a32a46b-9e09-45f8-90ce-2cf86479c2fe,2026-08-30T12:48:22.905810Z,PM-42-EAST,4.64,3.53,2865,0.123,30.6,0
42df4cce-0379-4c44-8183-2b499bd617d2,2026-08-20T14:52:22.905810Z,PM-42-EAST,5.4,3.8,2883,0.064,31.8,0
1d4793a7-8ce3-4ba7-920e-bedd1cd0f462,2026-08-24T20:03:22.905810Z,PM-42-EAST,5.46,3.25,3182,0.108,19.1,0
fd475e72-828b-4bf0-8242-e48d935c904f,2026-08-24T08:06:22.905810Z,PM-42-EAST,5.23,3.05,3150,0.144,18.4,0
accdbb0e-e905-4810-9a45-52306090be16,2026-09-04T22:18:22.905810Z,PM-42-EAST,5.19,3.6,2952,0.073,38.3,0
046dfe83-3818-4d0a-92eb-3aa7bee97351,2026-08-30T04:20:22.905810Z,PM-42-EAST,5.38,3.01,2854,0.1,23.1,0
7f664cd4-2a41-42a6-8ad9-8d09cb9307c4,2026-08-14T09:39:22.905810Z,PM-42-EAST,4.56,3.14,3012,0.079,19.5,0
77acb16d-9ae4-4590-af95-27559bfebe76,2026-08-24T10:38:22.905810Z,PM-42-EAST,4.95,3.27,3130,0.127,22.4,0
a36a04e0-dd02-4be9-923a-1fb7da9b7edd,2026-08-31T08:09:22.905810Z,PM-42-EAST,4.99,3.79,2820,0.059,19.5,0
8e2f0f50-e750-4058-b699-b4ee97cbeb8e,2026-08-11T06:24:22.905810Z,PM-42-EAST,4.72,3.47,3140,0.125,37.1,0
23586c2a-8212-4923-ac50-5da7aea97a09,2026-08-21T20:57:22.905810Z,PM-42-EAST,4.85,3.34,3188,0.051,20.2,0
bc9f33d2-7a7b-4cb2-b478-946d4fd9be11,2026-08-14T23:58:22.905810Z,PM-42-EAST,4.91,3.21,2820,0.134,21.7,0
83ba3707-cdc1-44e4-b05d-13b1e63b783a,2026-08-30T22:48:22.905810Z,PM-42-EAST,4.85,3.64,3068,0.139,22.0,0
3cf54436-43ce-43b1-aa5f-91ab79bff412,2026-08-31T12:24:22.905810Z,PM-42-EAST,5.0,3.32,2954,0.125,34.1,0
700bdfd3-f763-47c5-8b32-abf382372755,2026-08-29T10:07:22.905810Z,PM-42-EAST,4.82,3.14,3102,0.13,20.6,0
bd0322c5-d799-4432-ad04-b2b6428ffba7,2026-08-14T12:30:22.905810Z,PM-42-EAST,4.6,3.68,2895,0.11,28.8,0
89ef2bbe-97a7-4a9b-9159-aad7f95d95d5,2026-08-15T14:27:22.905810Z,PM-42-EAST,5.13,3.77,3035,0.064,37.8,0
38eed767-ad67-47c4-b16e-2460add8e98e,2026-09-01T17:28:22.905810Z,PM-42-EAST,5.19,3.66,3183,0.065,24.8,0
63ba5b02-03c6-415a-be62-eb79b8322508,2026-08-18T07:24:22.905810Z,PM-42-EAST,4.75,3.0,3166,0.085,34.5,0
b1539608-ab8c-492e-af9b-96ed6b614359,2026-08-07T01:38:22.905810Z,PM-42-EAST,5.45,3.66,2855,0.141,24.7,0
f731903a-bea1-4409-a753-9896c724f620,2026-08-23T17:06:22.905810Z,PM-42-EAST,5.01,3.08,2884,0.06,17.3,0
b3c0d389-3c30-422a-8acf-2be5a6443f31,2026-09-03T11:42:22.905810Z,PM-42-EAST,5.4,3.75,3039,0.111,22.7,0
2c03b69c-239e-4df2-a6dc-62c6db6d1e8d,2026-08-17T20:13:22.905810Z,PM-42-EAST,4.51,3.16,2915,0.106,26.6,0
3dbcd472-4498-4f3f-8461-85eb96464602,2026-08-17T20:38:22.905810Z,PM-42-EAST,5.29,3.16,3070,0.137,28.5,0
e65b464f-1e6f-46be-b5af-9e61357b85d5,2026-08-11T22:36:22.905810Z,PM-42-EAST,4.6,3.39,2853,0.13,35.2,0
89f0632f-af67-4bf2-9655-17609624c333,2026-09-02T00:32:22.905810Z,PM-42-EAST,5.27,3.2,2892,0.11,23.1,0
5cf903ba-5328-4c3f-8069-44a8ea55b495,2026-08-31T10:28:22.905810Z,PM-42-EAST,7.66,5.41,4281,0.336,32.8,1
69ed3edb-327b-4a50-aed3-7ed1873bc310,2026-08-08T04:18:22.905810Z,PM-42-EAST,4.87,3.8,2911,0.073,34.8,0
9dff8715-7aa4-4436-b707-f8c2a8fc013b,2026-08-23T21:54:22.905810Z,PM-42-EAST,5.12,3.6,2819,0.077,16.1,0
6d78761c-c976-42ab-9a79-65316a8a7940,2026-09-02T04:04:22.905810Z,PM-42-EAST,4.72,3.49,2817,0.099,17.8,0
080b2254-e1a5-4850-b192-6d3a061e1a04,2026-08-21T18:54:22.905810Z,PM-42-EAST,5.18,3.54,2873,0.129,38.1,0
43c05909-6ff5-465d-9ada-d31bbfd7ddb6,2026-08-27T06:06:22.905810Z,PM-42-EAST,4.68,3.61,3133,0.107,18.6,0
f9b34164-daac-4009-823e-c7171c958c63,2026-08-27T06:48:22.905810Z,PM-42-EAST,4.57,3.73,3156,0.063,39.1,0
5442bf02-3c38-441b-b7a2-4824e553742d,2026-08-11T11:36:22.905810Z,PM-42-EAST,6.58,4.51,4628,0.435,33.7,1
95afe638-b919-48b9-bc65-eb110c88e031,2026-08-25T16:51:22.905810Z,PM-42-EAST,5.03,3.43,2924,0.122,21.1,0
62c320ec-b909-495f-a522-055c5d701bb8,2026-08-23T12:58:22.905810Z,PM-42-EAST,5.25,3.46,2849,0.129,19.8,0
6aa751b0-1b81-428a-944c-f62c367d1118,2026-08-07T03:03:22.905810Z,PM-42-EAST,4.73,3.73,3018,0.148,28.9,0
691e1f58-3097-450b-8382-2d5dbb49f357,2026-09-02T11:08:22.905810Z,PM-42-EAST,5.28,3.14,2853,0.149,22.9,0
fef465b4-3b55-450e-978f-a31749c486ad,2026-08-24T17:05:22.905810Z,PM-42-EAST,4.52,3.71,3169,0.108,16.7,0
da5d8340-3a7f-4b2d-89e1-92c0fce12935,2026-09-01T23:42:22.905810Z,PM-42-EAST,5.01,3.53,2800,0.093,29.0,0
5bb8585d-9196-4c90-9491-cb7bf0670f23,2026-08-27T12:24:22.905810Z,PM-42-EAST,4.98,3.62,2962,0.148,27.3,0
e67de92c-7ed6-4789-8ba7-ef4a0a60c3a2,2026-08-29T18:02:22.905810Z,PM-42-EAST,5.11,3.4,2943,0.069,25.6,0
6fb86db9-99d3-4afa-9108-3b41c4798235,2026-08-10T11:03:22.905810Z,PM-42-EAST,4.96,3.2,2814,0.103,37.6,0
b23550bd-7d72-4b0d-824d-3aab95a335c2,2026-09-06T13:18:22.905810Z,PM-42-EAST,5.27,3.16,2870,0.127,29.6,0
6a01f004-d3bc-4aa9-a65e-589bccf39067,2026-09-06T14:18:22.905810Z,PM-42-EAST,5.18,3.3,3109,0.138,26.4,0
a0536144-21b4-4b86-97d9-8c9c3b282f0c,2026-08-14T08:42:22.905810Z,PM-42-EAST,4.95,3.78,3142,0.062,24.2,0
2f883b13-96cb-47b8-a0c3-39e9e79db290,2026-08-29T08:33:22.905810Z,PM-42-EAST,5.19,3.57,3162,0.085,38.8,0
c1bb334a-62d1-4422-84a1-800b67440ac0,2026-09-03T09:18:22.905810Z,PM-42-EAST,4.73,3.39,3109,0.117,37.2,0
f148b1d1-4932-4935-a86a-146ed6f0e2c6,2026-08-09T09:27:22.905810Z,PM-42-EAST,4.79,3.35,2847,0.095,39.5,0
82450b2f-0b5b-487e-98c1-0c618a9e9048,2026-08-29T10:48:22.905810Z,PM-42-EAST,5.34,3.05,2834,0.148,33.9,0
6244f5af-6f09-41ed-b0b2-ec65a741ab21,2026-08-13T20:49:22.905810Z,PM-42-EAST,5.23,3.02,3061,0.116,19.0,0
f2245f2f-01c7-4fed-8512-2fd823d0c6ab,2026-09-01T07:18:22.905810Z,PM-42-EAST,5.43,3.72,2903,0.128,27.4,0
aebb1162-28d7-466b-ba55-8ed20cd21ebb,2026-08-25T01:43:22.905810Z,PM-42-EAST,4.64,3.15,2865,0.076,28.5,0
6fd9aa08-90c4-4aa9-89c4-d624e2cfc389,2026-08-07T17:54:22.905810Z,PM-42-EAST,4.52,3.48,3136,0.119,33.1,0
8f2137f7-6c15-4287-b4d2-62c589a1191f,2026-08-22T21:09:22.905810Z,PM-42-EAST,4.72,3.48,2997,0.126,16.6,0
ca4c0352-f98d-4995-bded-55f24ec92fea,2026-08-31T21:10:22.905810Z,PM-42-EAST,4.77,3.6,2807,0.101,35.6,0
3105375a-0b7a-43d2-9e9a-24660fc8a595,2026-08-19T13:21:22.905810Z,PM-42-EAST,5.35,3.15,2838,0.127,17.4,0
bd1f539f-11ab-4e94-a9e1-4e24abe41c5b,2026-08-16T18:18:22.905810Z,PM-42-EAST,4.54,3.76,3198,0.068,18.7,0
89dd71d6-47b1-4047-ae21-698e29d22c44,2026-08-22T09:50:22.905810Z,PM-42-EAST,5.2,3.7,2879,0.139,28.4,0
abdba84a-e38a-4f29-9b0b-dc807f97f82c,2026-09-02T17:02:22.905810Z,PM-42-EAST,7.36,5.55,4958,0.473,33.9,1
d68863a2-0525-4dbf-a600-5726f0aa1b3c,2026-08-27T12:51:22.905810Z,PM-42-EAST,4.85,3.34,3179,0.089,31.5,0
f6f5412e-e00f-4b43-ac49-8cacff47db19,2026-08-13T23:56:22.905810Z,PM-42-EAST,4.97,3.54,2928,0.146,37.1,0
220c4a80-c286-4c6c-9087-4ddaffea4bee,2026-09-03T22:48:22.905810Z,PM-42-EAST,4.56,3.76,3127,0.09,39.8,0
d20c5ea7-0ce4-42f0-8b0c-445213505ba9,2026-08-28T18:06:22.905810Z,PM-42-EAST,4.66,3.72,2831,0.069,24.4,0
47b29aba-dd7a-456c-95d4-eaf02cc28c55,2026-08-10T01:28:22.905810Z,PM-42-EAST,4.86,3.3,3020,0.105,18.1,0
d76170d2-4c13-4ade-ad80-1000260d8fef,2026-08-24T06:28:22.905810Z,PM-42-EAST,5.01,3.73,3013,0.055,28.7,0
4e30af06-e557-458a-89a4-50fd971f0339,2026-08-29T23:33:22.905810Z,PM-42-EAST,5.11,3.6,3086,0.115,15.1,0
918f765f-2285-43ac-aed0-784810c46af9,2026-08-15T04:58:22.905810Z,PM-42-EAST,5.29,3.63,2899,0.071,20.6,0
3aff256e-e9db-4e89-87a1-fe5971a7049a,2026-08-26T01:16:22.905810Z,PM-42-EAST,5.47,3.22,3047,0.132,22.1,0
e7a11bb2-50fb-472b-8834-e8966c99392a,2026-08-30T15:30:22.905810Z,PM-42-EAST,5.12,3.67,3148,0.089,25.5,0
5dfa4f71-b709-4ae2-af85-f62b85d36717,2026-08-18T16:13:22.905810Z,PM-42-EAST,4.51,3.43,2985,0.052,38.2,0
eaf35274-ced3-49b2-baf1-958c4f611f8d,2026-09-03T17:10:22.905810Z,PM-42-EAST,5.08,3.26,2882,0.136,17.8,0
9c0ab793-5947-46c6-b215-efafa66f2f98,2026-09-02T14:33:22.905810Z,PM-42-EAST,5.08,3.18,2805,0.095,29.7,0
3873c97c-2b74-4982-8387-b1ca72c7fd7f,2026-08-23T07:36:22.905810Z,PM-42-EAST,5.46,3.5,3195,0.136,24.9,0
8f0d7095-9e17-4591-9bf7-636a37e70ba0,2026-08-15T07:11:22.905810Z,PM-42-EAST,5.15,3.62,2840,0.089,23.4,0
96269faa-8796-492e-a75d-b6c3f15ace54,2026-08-13T00:18:22.905810Z,PM-42-EAST,5.35,3.73,2891,0.141,25.8,0
26e30da0-e689-4ab9-a6dd-9c4c81a0f021,2026-08-29T03:25:22.905810Z,PM-42-EAST,5.39,3.62,2915,0.052,17.7,0
3b514e3d-9b3d-4bb0-bb83-d4f585f593f7,2026-08-28T14:18:22.905810Z,PM-42-EAST,5.0,3.58,2847,0.087,16.7,0
97a8f96a-5730-48b2-bf20-1a5c3c081f17,2026-08-10T03:48:22.905810Z,PM-42-EAST,5.14,3.62,3192,0.112,30.7,0
051682be-fb05-45c4-ac9a-73c2e16f7df2,2026-08-13T01:18:22.905810Z,PM-42-EAST,5.41,3.12,3006,0.07,26.9,0
958c54ec-e748-4aa9-b04b-294d362d9cb5,2026-08-28T02:31:22.905810Z,PM-42-EAST,5.04,3.46,3056,0.119,39.7,0
1c12a644-2d24-4cc2-a0cf-00733a3d6f9c,2026-08-08T10:36:22.905810Z,PM-42-EAST,4.87,3.2,3142,0.07,23.2,0
bb32b81e-708c-4cef-83b9-9052db57bbab,2026-08-25T06:18:22.905810Z,PM-42-EAST,5.35,3.09,3099,0.121,33.6,0
f7f98ae3-4da8-4b10-9d8e-0b1bd41b537b,2026-08-07T20:54:22.905810Z,PM-42-EAST,4.83,3.17,3183,0.055,15.8,0
f4c22f73-0d43-488e-a116-0fca703d8ff7,2026-08-30T13:03:22.905810Z,PM-42-EAST,4.72,3.75,2906,0.077,27.9,0
6d049e92-9162-4601-90f6-6018aac5753a,2026-09-03T01:36:22.905810Z,PM-42-EAST,5.42,3.09,3057,0.127,31.9,0
4bf7f8ba-4ce6-4b4e-92d4-a42b236aeb82,2026-08-13T17:02:22.905810Z,PM-42-EAST,5.2,3.25,2834,0.071,25.7,0
67ac0c5b-ed8b-4419-a990-bb3b96329c46,2026-08-17T19:18:22.905810Z,PM-42-EAST,4.58,3.33,3084,0.126,36.8,0
5a64ad22-073b-41c3-aebc-93283a4c9882,2026-08-27T03:57:22.905810Z,PM-42-EAST,5.29,3.18,3051,0.147,29.7,0
a98cb36f-257c-46fa-96d7-93e16e9f0128,2026-09-05T13:08:22.905810Z,PM-42-EAST,5.43,3.64,2838,0.126,32.4,0
c30b2061-05a2-4f01-831c-31ea4ec52180,2026-08-30T17:33:22.905810Z,PM-42-EAST,7.98,4.59,4319,0.436,34.9,1
1ec45c59-83e6-4d97-91e9-9a5882c60004,2026-08-10T05:58:22.905810Z,PM-42-EAST,5.16,3.65,2903,0.141,36.6,0
898bbf05-348f-497e-acf9-dc99019637fb,2026-08-27T06:33:22.905810Z,PM-42-EAST,7.82,4.91,4075,0.342,15.1,1
a32cbc84-3b87-4c2a-8a80-d19f32fe3d1d,2026-08-29T01:30:22.905810Z,PM-42-EAST,5.06,3.22,2909,0.058,38.6,0
5fce9640-133b-47c8-9adc-b45b2434f811,2026-09-01T14:54:22.905810Z,PM-42-EAST,4.64,3.68,2926,0.065,35.8,0
2372d13b-2a6f-4dba-b90a-802a1c91ae1e,2026-08-25T14:06:22.905810Z,PM-42-EAST,4.65,3.74,2886,0.127,36.7,0
ed8253ec-fe3d-4bb2-8840-0061e789ca0d,2026-08-13T05:33:22.905810Z,PM-42-EAST,5.34,3.07,2841,0.143,37.6,0
e377eb75-dff3-4a62-b7cb-6b49f5717556,2026-08-20T21:58:22.905810Z,PM-42-EAST,4.55,3.7,2951,0.128,21.8,0
6d55d4f9-be55-4f26-95d4-85834d1ef810,2026-08-22T02:48:22.905810Z,PM-42-EAST,4.95,3.58,3047,0.083,32.0,0
e08e145a-6b72-4a2f-8818-0098670f225f,2026-08-26T06:42:22.905810Z,PM-42-EAST,4.96,3.44,3096,0.098,19.3,0
47ace7cf-2caa-4212-a278-7a0317560941,2026-08-17T10:04:22.905810Z,PM-42-EAST,5.14,3.07,2947,0.081,35.9,0
c1b03d4c-0592-4a6a-9ea1-424549cbed44,2026-08-15T01:30:22.905810Z,PM-42-EAST,5.13,3.27,3011,0.104,32.1,0
ccc948ca-f917-48b9-9c58-9dda14e3bfb7,2026-08-11T12:18:22.905810Z,PM-42-EAST,4.75,3.32,2922,0.09,20.7,0
39b692aa-6b02-4581-a363-16772117e9ba,2026-08-27T13:42:22.905810Z,PM-42-EAST,5.17,3.24,2917,0.145,38.8,0
d5f582c2-9291-4f86-9721-ddfc0a397c3a,2026-08-09T03:34:22.905810Z,PM-42-EAST,4.71,3.38,2920,0.094,39.0,0
cb962719-f98d-4905-8d58-dd18d853b003,2026-09-07T08:24:22.905810Z,PM-42-EAST,5.4,3.52,2905,0.133,19.2,0
ff670a71-4e8e-467b-9f9c-0e1a8c28c8c8,2026-08-28T20:17:22.905810Z,PM-42-EAST,4.71,3.14,2852,0.086,33.1,0
cd59efbc-be71-473e-9254-ed0ec9d5b929,2026-08-25T06:58:22.905810Z,PM-42-EAST,4.52,3.26,2876,0.138,32.8,0
1926a2be-0a81-462a-9453-e606416dd75f,2026-09-06T20:54:22.905810Z,PM-42-EAST,5.35,3.79,2982,0.083,37.9,0
a1c6bc1b-bded-405b-a146-0492ed303237,2026-08-29T12:42:22.905810Z,PM-42-EAST,4.61,3.25,2998,0.106,26.8,0
7172f92e-418c-4857-b788-39705d698c74,2026-08-14T13:49:22.905810Z,PM-42-EAST,5.13,3.43,2925,0.142,27.1,0
46fccad7-2e78-46d5-a5cf-66f081c145ef,2026-08-31T23:42:22.905810Z,PM-42-EAST,5.04,3.24,3068,0.142,40.0,0
94ad78fc-78ba-4d2c-8a76-6a62d7ac8b0b,2026-08-19T09:43:22.905810Z,PM-42-EAST,5.24,3.33,2964,0.096,26.0,0
4514307d-1143-4dfd-8848-63a255c1452b,2026-08-20T00:34:22.905810Z,PM-42-EAST,4.64,3.68,2935,0.132,15.5,0
98369af4-5b3b-4711-8495-cc411335d178,2026-08-24T06:09:22.905810Z,PM-42-EAST,4.52,3.37,2849,0.055,31.6,0
07fbc071-7b56-447d-ac4f-7555353174c4,2026-08-20T15:54:22.905810Z,PM-42-EAST,4.82,3.56,2872,0.052,27.2,0
ab297d85-951d-4746-9cc9-675550cfb25d,2026-09-07T18:51:22.905810Z,PM-42-EAST,5.31,3.09,2884,0.072,26.6,0
92839321-1e11-44a7-8d48-2a1b4b40252e,2026-08-13T10:48:22.905810Z,PM-42-EAST,5.41,3.73,3160,0.055,23.5,0
02475786-1a3f-4bd4-bd4e-f9ca606fa43b,2026-08-12T06:01:22.905810Z,PM-42-EAST,5.35,3.5,3019,0.076,33.4,0
9e9fbd3b-e96e-4ac7-8687-c1be4048adf7,2026-08-09T20:06:22.905810Z,PM-42-EAST,4.63,3.19,2866,0.066,26.8,0
b7b5c88d-8df7-4e84-ad4e-8a9c93ea834c,2026-08-20T03:36:22.905810Z,PM-42-EAST,5.14,3.17,2924,0.099,32.6,0
c923617b-844e-4b97-b8e7-568bbddb2e95,2026-08-30T11:40:22.905810Z,PM-42-EAST,5.36,3.08,3188,0.086,17.2,0
e7ec4314-855c-4db7-9956-61067639694a,2026-08-08T00:48:22.905810Z,PM-42-EAST,5.22,3.23,2972,0.146,25.3,0
94e1a743-1811-403e-b29c-d218ab693624,2026-08-15T08:06:22.905810Z,PM-42-EAST,5.22,3.41,3123,0.099,37.9,0
29953885-77d5-4405-a921-c9746621f807,2026-09-07T11:50:22.905810Z,PM-42-EAST,5.37,3.78,3035,0.05,25.8,0
813c2f80-da29-41d5-bab4-d0cda286e17a,2026-08-15T23:20:22.905810Z,PM-42-EAST,4.87,3.78,2942,0.121,33.6,0
21b4c3fe-5a1c-444e-8852-806c6b97e368,2026-08-09T06:30:22.905810Z,PM-42-EAST,5.15,3.27,2887,0.1,31.2,0
8747958d-f61c-4436-90ff-015e26cccb86,2026-08-10T11:58:22.905810Z,PM-42-EAST,4.72,3.02,3103,0.139,20.2,0
47cc957c-804f-41d0-8fd7-06ed0be2ddda,2026-08-20T21:45:22.905810Z,PM-42-EAST,4.56,3.23,3036,0.075,21.0,0
35663427-deec-4741-a5b9-e1743a206214,2026-08-20T07:30:22.905810Z,PM-42-EAST,4.91,3.56,3049,0.072,32.6,0
911d60b7-2ace-4ebd-bd72-a12422c752b4,2026-08-24T14:57:22.905810Z,PM-42-EAST,5.2,3.75,2908,0.054,32.4,0
f7a69337-d488-422b-a264-0d58fa9653e4,2026-09-04T16:42:22.905810Z,PM-42-EAST,4.74,3.66,2815,0.053,17.9,0
ec0a22a6-28a9-4bf3-8d02-c4c94de7768f,2026-08-07T11:03:22.905810Z,PM-42-EAST,5.35,3.66,2915,0.102,23.9,0
c2ef2f9a-d39b-4db9-a5c3-d1f450faf276,2026-08-16T01:52:22.905810Z,PM-42-EAST,4.66,3.24,3031,0.117,21.0,0
326c21a8-0b48-4f4e-b7eb-82b2a7509924,2026-08-24T02:22:22.905810Z,PM-42-EAST,4.85,3.31,2807,0.072,18.6,0
dcc780fd-60ae-47d8-a0a8-e0c100ef798b,2026-09-01T18:06:22.905810Z,PM-42-EAST,5.47,3.72,3023,0.115,39.5,0
3669673d-d0b3-434c-b7d3-80c062ae3ba0,2026-09-05T11:46:22.905810Z,PM-42-EAST,4.63,3.5,2864,0.084,39.9,0
a7f2eb81-5b56-429f-b6bd-95c5ba781435,2026-08-14T21:28:22.905810Z,PM-42-EAST,5.38,3.28,3050,0.085,28.6,0
145950c9-5cde-4f18-9860-da8a17db930a,2026-08-24T04:30:22.905810Z,PM-42-EAST,5.35,3.66,2940,0.073,16.6,0
03a68b51-bd84-42b7-85f3-439a174093c9,2026-08-29T18:50:22.905810Z,PM-42-EAST,5.41,3.24,2863,0.068,30.1,0
8f89a48b-c50e-489a-8a3d-1428a38e6f5b,2026-08-11T19:54:22.905810Z,PM-42-EAST,4.85,3.77,2825,0.06,32.6,0
8fb1f998-bbf1-47cf-9565-f6d99b7e3289,2026-08-26T17:42:22.905810Z,PM-42-EAST,5.41,3.63,2819,0.059,37.4,0
d94c3046-1684-461b-bdb4-1fa519aed2a6,2026-09-06T07:53:22.905810Z,PM-42-EAST,4.98,3.55,3029,0.059,34.1,0
f737b489-0d26-4445-b36a-804cdb7a1a58,2026-08-15T14:06:22.905810Z,PM-42-EAST,5.17,3.13,3077,0.114,35.7,0
7d917f38-4fb1-4b21-ac17-867d1294e818,2026-08-23T16:45:22.905810Z,PM-42-EAST,4.9,3.4,3125,0.078,34.2,0
e9cad493-e043-4fbf-b0e8-a6ba25c48a34,2026-08-08T18:04:22.905810Z,PM-42-EAST,5.05,3.76,3069,0.109,20.2,0
ab18999a-1189-4ea1-ae24-251d3521b8ff,2026-08-26T05:43:22.905810Z,PM-42-EAST,5.06,3.77,2884,0.054,30.0,0
b9db512e-d2ee-4aef-8503-df91f3cb9636,2026-08-13T18:18:22.905810Z,PM-42-EAST,5.15,3.37,3164,0.118,19.3,0
53a0b059-bb7c-4b82-b483-e33cb64fb223,2026-08-14T09:34:22.905810Z,PM-42-EAST,5.29,3.74,3029,0.104,28.9,0
b2338ab5-1f0a-4d31-a16a-600f6f205458,2026-08-09T09:34:22.905810Z,PM-42-EAST,5.46,3.1,2903,0.138,29.0,0
54e1e38d-49b6-4237-b0c2-1c8286f75797,2026-09-02T05:36:22.905810Z,PM-42-EAST,4.52,3.11,2920,0.123,23.1,0
3701cd34-2784-408f-b78a-11ad1605727f,2026-09-09T04:06:22.905810Z,PM-42-EAST,5.43,3.0,2807,0.089,26.2,0
4eac0552-fa3a-4a26-bbd4-69820a9b69f9,2026-08-19T11:18:22.905810Z,PM-42-EAST,4.54,3.1,3105,0.134,37.3,0
a1d8806c-e2db-4bcd-8545-b07815c18eb9,2026-08-11T22:30:22.905810Z,PM-42-EAST,5.4,3.2,2827,0.14,38.6,0
cf09fcb5-bda9-4822-9266-d58bc4a9f7b3,2026-08-13T04:56:22.905810Z,PM-42-EAST,4.62,3.51,3154,0.106,26.5,0
ea70a734-f255-4e25-ae8e-67db03d3eedb,2026-08-31T12:02:22.905810Z,PM-42-EAST,5.11,3.5,3178,0.13,23.8,0
587f30bd-7c27-46ac-9d9c-8a9dc7ed1a59,2026-09-02T10:12:22.905810Z,PM-42-EAST,4.62,3.58,3163,0.063,32.9,0
2081f84a-03b4-4f71-a756-4d0015e2b0ee,2026-09-04T23:38:22.905810Z,PM-42-EAST,4.68,3.77,3042,0.15,19.3,0
595d9b67-239b-4fa4-8f88-e8d4c1fdfb36,2026-08-10T01:57:22.905810Z,PM-42-EAST,4.71,3.74,3180,0.096,34.8,0
c17f80b8-c8b0-4179-b7e7-141c5ba0820d,2026-08-10T02:06:22.905810Z,PM-42-EAST,4.94,3.14,2994,0.051,32.2,0
fc087c46-569b-44c7-901f-ac170ab1c99f,2026-08-20T20:56:22.905810Z,PM-42-EAST,7.49,5.2,4835,0.391,39.8,1
bcbab049-1163-4e20-b319-6dd0e07632d3,2026-09-02T14:02:22.905810Z,PM-42-EAST,5.4,3.26,3004,0.066,36.1,0
a7f4bf5b-7c3c-4708-9211-7b53086306ed,2026-08-27T21:33:22.905810Z,PM-42-EAST,4.59,3.44,2832,0.119,16.3,0
38922220-3935-4c37-a476-a2e7594a199d,2026-08-31T17:46:22.905810Z,PM-42-EAST,5.19,3.0,3171,0.073,23.4,0
dfd28f54-453d-4ab8-b02b-133483133274,2026-08-29T20:38:22.905810Z,PM-42-EAST,6.73,5.09,4833,0.472,36.2,1
a70b1aa6-ebd0-404e-ab82-a857e980e2b8,2026-08-29T21:18:22.905810Z,PM-42-EAST,4.64,3.35,2945,0.125,21.5,0
b8c6d093-ea42-4e67-8e3a-5f5c91c309c2,2026-08-10T18:28:22.905810Z,PM-42-EAST,5.09,3.65,2816,0.074,36.6,0
65289e35-8f56-42b5-be65-8d0bd53d4e96,2026-09-02T03:18:22.905810Z,PM-42-EAST,5.03,3.5,2928,0.077,25.2,0
eb28f37f-e2a2-41fb-ab4b-f8d2d4b147ab,2026-09-07T22:12:22.905810Z,PM-42-EAST,6.63,5.15,4258,0.391,19.9,1
c6e8918c-bee1-4cbe-aa11-01f08a59cb8c,2026-08-21T00:50:22.905810Z,PM-42-EAST,5.48,3.71,3052,0.118,15.1,0
b610f39d-5418-4786-b732-b5dde7b6b474,2026-09-02T05:33:22.905810Z,PM-42-EAST,5.07,3.03,2984,0.122,19.0,0
2724638f-86b8-4fdb-9b2d-bdc6627535ed,2026-09-04T04:30:22.905810Z,PM-42-EAST,5.14,3.54,3128,0.059,26.0,0
4bae6fba-2ded-457b-b71a-3b07a1210476,2026-08-15T22:48:22.905810Z,PM-42-EAST,4.65,3.47,2939,0.111,17.4,0
d17b05df-eadf-4203-a077-b4cab2171314,2026-09-10T01:00:22.905810Z,PM-42-EAST,7.0,5.38,4004,0.4,26.9,1
e443d27b-9cb6-4025-8385-05af91016aa0,2026-09-06T20:42:22.905810Z,PM-42-EAST,5.27,3.14,3180,0.113,38.3,0
cdb44dc9-0a0f-48dc-9e6f-20d55d03c09d,2026-08-16T15:10:22.905810Z,PM-42-EAST,5.25,3.3,2970,0.146,17.5,0
4c874b79-4404-49b7-be9d-9505ee74c690,2026-08-16T15:29:22.905810Z,PM-42-EAST,4.51,3.29,2883,0.091,19.6,0
6bfd4f6a-5327-4666-860f-e03f2aef260e,2026-08-21T04:18:22.905810Z,PM-42-EAST,5.45,3.17,2992,0.147,28.7,0
4651687d-8b69-4b79-8cdb-0ded22486e36,2026-08-24T10:19:22.905810Z,PM-42-EAST,4.61,3.28,3018,0.104,20.5,0
f6ad814c-24da-41b0-851b-383a6d6dca91,2026-09-04T10:54:22.905810Z,PM-42-EAST,5.2,3.39,3158,0.097,21.4,0
cb990a1e-2b20-47ce-8c5a-439eb4be2409,2026-09-01T21:30:22.905810Z,PM-42-EAST,5.4,3.48,3166,0.062,28.7,0
bc289eb2-e788-4e39-9f79-464c54a867c8,2026-09-06T11:12:22.905810Z,PM-42-EAST,4.78,3.33,3097,0.126,25.0,0
134a2db2-d18e-46b8-ae16-c109766926f1,2026-08-22T13:38:22.905810Z,PM-42-EAST,5.44,3.15,3010,0.061,16.6,0
3ee66640-f709-4b8c-a84c-fd80c7969385,2026-08-27T03:18:22.905810Z,PM-42-EAST,4.55,3.67,3073,0.093,15.3,0
36602453-7662-49fe-bdfb-1e2b16528a99,2026-09-08T12:36:22.905810Z,PM-42-EAST,4.98,3.1,3164,0.109,37.7,0
6b7f75c7-1409-4802-ab40-612a0b887ee1,2026-08-25T21:12:22.905810Z,PM-42-EAST,4.75,3.5,3170,0.07,30.2,0
60bc8370-5515-415d-a7f1-063fea84f944,2026-08-07T15:33:22.905810Z,PM-42-EAST,5.16,3.03,2889,0.115,15.7,0
98aba55b-3b2c-434a-9433-4ac63ed83843,2026-08-15T11:38:22.905810Z,PM-42-EAST,4.98,3.26,3038,0.085,21.2,0
9f9801b4-0d34-4b01-94e3-39bc095563c8,2026-08-30T12:38:22.905810Z,PM-42-EAST,4.95,3.61,2936,0.084,32.5,0
6168043c-9f52-4a69-bf1d-9b239ac93e02,2026-08-12T05:42:22.905810Z,PM-42-EAST,4.6,3.1,3011,0.051,37.2,0
69e5f23c-3a9e-4d73-97b4-c90418dac558,2026-08-15T12:29:22.905810Z,PM-42-EAST,4.99,3.75,3192,0.091,30.4,0
13ceaa34-8eb7-43c7-aeae-cba8753d1017,2026-08-21T10:22:22.905810Z,PM-42-EAST,5.3,3.54,3035,0.128,15.3,0
2dc982a9-96bc-4a10-8440-1196796110aa,2026-09-04T05:33:22.905810Z,PM-42-EAST,4.6,3.06,3172,0.087,29.9,0
c4d62a86-8bab-4003-bbde-33f041a2b0b6,2026-09-02T07:02:22.905810Z,PM-42-EAST,5.22,3.66,2871,0.123,36.3,0
71f5fd8c-a60a-4a34-931b-9902f76d88b0,2026-09-12T20:18:22.905810Z,PM-42-EAST,5.48,3.31,3043,0.074,36.3,0
d35599ca-b9a4-4f4a-ae14-85345c52785c,2026-08-31T09:06:22.905810Z,PM-42-EAST,4.79,3.61,2841,0.067,38.2,0
6e20a205-c432-483e-93a8-35593ca472f9,2026-08-10T23:28:22.905810Z,PM-42-EAST,4.63,3.49,3098,0.055,25.7,0
1ab935c0-dcca-4da8-a569-35e9a60b0e97,2026-09-01T18:08:22.905810Z,PM-42-EAST,5.34,3.42,2968,0.137,21.4,0
c92ba5d8-a0b5-42a2-805f-1db94ed6c9f5,2026-08-20T05:42:22.905810Z,PM-42-EAST,8.31,5.44,4268,0.428,36.4,1
56c7c4e3-bc3c-495b-bb3e-31411bee0b62,2026-09-04T11:02:22.905810Z,PM-42-EAST,4.54,3.09,3111,0.125,39.4,0
9fe34258-51bf-4eb0-82e5-1b49e9242a54,2026-08-14T07:33:22.905810Z,PM-42-EAST,7.38,5.69,4877,0.329,38.7,1
08e6b9d1-7106-4c3f-bc2d-f59def7da3d5,2026-08-13T00:00:22.905810Z,PM-42-EAST,4.72,3.74,2895,0.057,24.9,0
ff11fece-ee82-4a80-9914-d70509eb0cbd,2026-08-19T15:23:22.905810Z,PM-42-EAST,5.19,3.73,3153,0.111,39.7,0
dd69587e-943f-4019-90ba-6e3863c3fa3f,2026-08-08T08:54:22.905810Z,PM-42-EAST,5.15,3.12,3079,0.095,28.6,0
47c2a378-0c13-4404-9cc8-6d85e1ca9570,2026-08-22T23:54:22.905810Z,PM-42-EAST,4.84,3.79,3196,0.146,22.3,0
bd7d4a4c-fa70-4e69-945a-bdd5dc3aa570,2026-09-11T07:24:22.905810Z,PM-42-EAST,5.22,3.02,2964,0.137,35.5,0
6e915020-aabd-495b-9072-1e8a2ed27412,2026-08-19T16:55:22.905810Z,PM-42-EAST,5.14,3.05,2877,0.078,15.6,0
1e2b0961-6b3c-4d24-aa43-9ad3e0745eb8,2026-08-21T01:18:22.905810Z,PM-42-EAST,4.88,3.27,2962,0.124,36.6,0
2ab932b6-d261-402f-8736-77bdd2809594,2026-08-13T01:31:22.905810Z,PM-42-EAST,4.83,3.34,3192,0.111,38.3,0
5fb770cb-e946-40b6-9b14-b363dd338620,2026-08-07T17:28:22.905810Z,PM-42-EAST,4.71,3.39,2898,0.139,37.1,0
da6e865e-c7ef-44c4-af07-ed0445393b95,2026-08-10T09:45:22.905810Z,PM-42-EAST,4.97,3.72,2896,0.128,37.9,0
8ae9acf7-56b2-4d88-a4ba-f682aeb92f21,2026-08-14T10:18:22.905810Z,PM-42-EAST,4.94,3.72,3011,0.131,34.0,0
f9dc36d4-d0c0-49ec-a600-beab8482bddc,2026-08-23T03:38:22.905810Z,PM-42-EAST,4.74,3.73,3181,0.06,27.6,0
4a64a0e5-bae9-434d-94b0-5607eaae29f5,2026-08-23T04:06:22.905810Z,PM-42-EAST,5.37,3.49,3050,0.14,32.8,0
2cbf86e6-6823-4910-9646-ed280e726030,2026-08-09T02:07:22.905810Z,PM-42-EAST,5.21,3.04,2899,0.078,37.7,0
6465d393-6984-4772-9e36-bedb0ae554ae,2026-08-27T21:58:22.905810Z,PM-42-EAST,5.01,3.78,2987,0.13,38.8,0
9255ee14-4f65-4503-95ba-67fc49735c38,2026-08-15T19:51:22.905810Z,PM-42-EAST,4.93,3.53,3184,0.059,27.3,0
f33b6c82-2b1e-4353-aabd-eeebb2feafbd,2026-08-13T03:28:22.905810Z,PM-42-EAST,4.56,3.48,2813,0.102,17.8,0
4c93c484-a413-40c7-a637-b302de9a4ebd,2026-08-11T03:08:22.905810Z,PM-42-EAST,4.91,3.56,3112,0.11,29.7,0
987c323a-25a7-487e-9912-a72cb30baf5b,2026-09-01T01:30:22.905810Z,PM-42-EAST,4.66,3.15,3079,0.134,31.8,0
a08232a9-1c14-4635-900e-db9932cc9fc2,2026-08-25T08:01:22.905810Z,PM-42-EAST,5.48,3.7,3155,0.054,19.7,0
0527f0c5-52bf-41b0-b6bb-05a37568267f,2026-09-05T20:30:22.905810Z,PM-42-EAST,5.35,3.14,2822,0.105,33.1,0
0d488466-d954-4f94-b84b-c523e7745b3e,2026-08-14T13:03:22.905810Z,PM-42-EAST,5.47,3.4,2828,0.07,16.3,0
0965b31e-e742-44d3-8c7b-5fd08558973f,2026-09-09T23:42:22.905810Z,PM-42-EAST,4.88,3.47,3188,0.112,26.6,0
048f4b4f-5ccb-4872-83a7-7d8041d1f94c,2026-09-02T13:29:22.905810Z,PM-42-EAST,5.18,3.56,2808,0.084,28.5,0
577ff5fc-0596-44ad-8f6e-b00abfd16cd2,2026-08-11T04:18:22.905810Z,PM-42-EAST,4.61,3.56,2858,0.064,25.8,0
d08fa613-88ba-4f9c-99dd-f3e91ad76831,2026-08-30T21:39:22.905810Z,PM-42-EAST,5.17,3.29,2935,0.071,19.0,0
1dbd842e-34b9-49ed-ae76-894436f03c49,2026-08-21T09:38:22.905810Z,PM-42-EAST,5.19,3.17,3029,0.051,18.2,0
9fe411ca-a46c-43c8-96cd-34d7323c3423,2026-08-11T04:48:22.905810Z,PM-42-EAST,5.37,3.22,3026,0.059,33.7,0
a47f07ab-275d-44ad-b92a-b8dc3f18e0aa,2026-08-28T22:30:22.905810Z,PM-42-EAST,5.21,3.72,3168,0.107,25.6,0
391af9bb-9aea-468e-a698-362b73df9f29,2026-08-07T19:13:22.905810Z,PM-42-EAST,4.59,3.49,2998,0.147,35.1,0
2c3529fb-2c13-4859-83d6-e22782c8d9a6,2026-08-21T11:18:22.905810Z,PM-42-EAST,4.73,3.33,2800,0.102,21.8,0
56e5e206-fd47-4e48-bbac-4b1fb6d3c667,2026-08-17T09:13:22.905810Z,PM-42-EAST,4.83,3.22,2986,0.081,34.1,0
336cfc3b-9a3b-473a-9ffb-88eea31f742a,2026-09-12T10:00:22.905810Z,PM-42-EAST,5.29,3.79,2992,0.067,24.0,0
cbf84412-75a0-489a-93fc-7b9571904f29,2026-08-08T12:00:22.905810Z,PM-42-EAST,5.42,3.8,2853,0.079,27.4,0
b1e4e5a9-e2ca-400d-b44d-9cb16a1275ee,2026-08-26T08:14:22.905810Z,PM-42-EAST,4.82,3.13,3145,0.127,34.8,0
2b28b921-5746-4415-a7ce-4b236f97b57a,2026-08-21T13:23:22.905810Z,PM-42-EAST,5.05,3.67,2999,0.122,29.7,0
786ce4e5-9809-4739-8bfb-23b1aabf7100,2026-08-24T07:48:22.905810Z,PM-42-EAST,4.59,3.45,2965,0.078,39.9,0
9665e645-82ea-40f0-8430-5678094aefd2,2026-08-08T12:24:22.905810Z,PM-42-EAST,4.53,3.19,3049,0.137,26.4,0
18684205-3365-440d-a9ce-4a55343b749b,2026-08-14T00:46:22.905810Z,PM-42-EAST,5.31,3.58,2802,0.076,31.1,0
8e4b80bb-ea93-4215-aded-a61cfb4159cc,2026-08-31T23:18:22.905810Z,PM-42-EAST,4.87,3.24,3196,0.085,34.5,0
3b7f648f-b92d-4048-b9b2-77b63d4248b5,2026-08-20T22:54:22.905810Z,PM-42-EAST,5.39,3.34,3150,0.05,39.6,0
f02c16b5-71b4-4941-9f5b-1fe9b50bf1ce,2026-08-28T13:43:22.905810Z,PM-42-EAST,5.01,3.15,2990,0.128,38.6,0
520205aa-47c9-4bf0-addc-3e50ef5beece,2026-08-11T07:18:22.905810Z,PM-42-EAST,4.57,3.72,2894,0.144,21.3,0
4d7faec7-96cd-4d4e-95ef-3a7c054cd43c,2026-09-03T03:49:22.905810Z,PM-42-EAST,5.2,3.15,3100,0.115,25.9,0
6cb1fe1e-f5f2-49cb-88c0-03035f452a2b,2026-09-01T19:16:22.905810Z,PM-42-EAST,5.22,3.8,2944,0.137,23.5,0
bdb160ec-ba3c-45a1-87eb-ddc261a74b04,2026-08-09T05:51:22.905810Z,PM-42-EAST,4.61,3.39,2982,0.089,20.3,0
