message_id,timestamp,asset_id,motor_current_peak_amps,motor_current_avg_amps,throw_duration_ms,vibration_peak_g,ambient_temp_c,label_anomaly
620a761c-a72c-4ad0-bc75-e1df4b001c7e,2026-08-04T09:59:45.759394Z,PM-42-EAST,4.54,3.39,2927,0.098,16.9,0
cec5a303-c549-40f2-b5f3-a1798a0746ab,2026-08-04T10:08:45.759394Z,PM-42-EAST,5.14,3.46,3130,0.073,19.8,0
dd0f5cc0-d604-4fb3-89bf-5aadf9dea29e,2026-08-04T10:20:45.759394Z,PM-42-EAST,5.35,3.61,2965,0.09,35.7,0
6c3f3914-86b3-4130-b5ba-73baa8daf535,2026-08-04T10:50:45.759394Z,PM-42-EAST,5.01,3.07,3057,0.117,16.6,0
ec44dca4-029a-4ad3-be12-936ca8d289fd,2026-08-04T11:45:45.759394Z,PM-42-EAST,5.11,3.41,2885,0.064,21.6,0
058e1427-f56a-4cce-a10a-f7b9b9776beb,2026-08-04T12:15:45.759394Z,PM-42-EAST,5.17,3.3,3167,0.124,38.0,0
9ea38768-399e-4d87-8a07-930b91b61cff,2026-08-04T13:08:45.759394Z,PM-42-EAST,5.3,3.54,2832,0.05,32.1,0
3ccfc64f-0e22-4727-a3b2-495018e7b844,2026-08-04T13:54:45.759394Z,PM-42-EAST,5.7,3.53,3005,0.086,36.4,1
1d95da12-2064-4510-a515-37763848ef95,2026-08-04T14:39:45.759394Z,PM-42-EAST,5.79,3.87,3252,0.182,29.0,1
34a88ce8-54f8-4fb3-bc42-54f3d5113c0f,2026-08-04T14:55:45.759394Z,PM-42-EAST,6.43,4.45,3645,0.247,28.8,1
868a9325-7316-4af5-ad69-aa5eb2e2769c,2026-08-04T15:14:45.759394Z,PM-42-EAST,6.22,4.66,3852,0.192,20.4,1
e75c50c2-14c0-425a-89e0-336cbc434c44,2026-08-04T15:32:45.759394Z,PM-42-EAST,6.25,4.76,3875,0.289,17.1,1
8d2a99e4-5bba-430a-81dd-48960bae0e66,2026-08-04T16:10:45.759394Z,PM-42-EAST,6.62,4.62,3777,0.307,33.9,1
fa5bbac7-5588-42c9-92a7-8dad4aa50484,2026-08-04T17:04:45.759394Z,PM-42-EAST,7.02,4.81,4140,0.274,19.6,1
d8d8d593-2ede-480c-8d61-2a5cf3cb58c9,2026-08-04T17:25:45.759394Z,PM-42-EAST,7.57,4.66,4249,0.315,27.7,1
2df32515-1ad9-4f12-9137-219ad6884ac8,2026-08-04T18:25:45.759394Z,PM-42-EAST,8.06,5.41,4419,0.375,33.4,1
da2e99ad-71ce-4ca6-810a-68bd64b7c706,2026-08-04T18:45:45.759394Z,PM-42-EAST,8.03,5.41,4215,0.42,18.7,1
256635db-567b-4d47-981e-93aa485514eb,2026-08-04T19:40:45.759394Z,PM-42-EAST,4.67,3.6,3016,0.07,26.9,0
65a6f0a5-3656-4edc-a616-2447a412cd6b,2026-08-04T20:33:45.759394Z,PM-42-EAST,5.18,3.58,2956,0.073,30.9,0
f7917d39-ae55-40c3-8ce1-497b94b8a251,2026-08-04T20:38:45.759394Z,PM-42-EAST,4.94,3.18,3071,0.084,32.4,0
9041be75-7ad3-40f5-a15e-c4d0c8d2c095,2026-08-04T20:53:45.759394Z,PM-42-EAST,5.33,3.26,2868,0.148,38.9,0
b9cf92d4-4470-4ce9-b5fc-4b2f42e2d38c,2026-08-04T20:58:45.759394Z,PM-42-EAST,4.64,3.04,2963,0.139,29.5,0
1357957c-4ef8-41df-9cce-c41ef89b4ec4,2026-08-04T21:23:45.759394Z,PM-42-EAST,4.79,3.5,3092,0.135,30.6,0
2d78d4b7-c0e9-4e9b-bb7d-7e60ba27a298,2026-08-04T22:07:45.759394Z,PM-42-EAST,4.81,3.2,3103,0.071,20.8,0
ae391154-1770-4bca-9efb-883f89624211,2026-08-04T22:30:45.759394Z,PM-42-EAST,5.38,3.29,3074,0.139,20.4,0
f3c2cf3e-b40f-4827-9ebb-ddff48806506,2026-08-04T23:30:45.759394Z,PM-42-EAST,4.77,3.43,2972,0.062,18.8,0
9dd90b78-ea9c-409c-a359-9c56bde55446,2026-08-04T23:43:45.759394Z,PM-42-EAST,4.82,3.57,3021,0.105,32.5,0
366f7dd3-807b-49c1-83b8-0675ff5bb239,2026-08-05T00:11:45.759394Z,PM-42-EAST,4.63,3.59,3174,0.144,22.5,0
646b2dea-7482-4eec-98c6-67d414974d97,2026-08-05T00:55:45.759394Z,PM-42-EAST,5.35,3.01,3092,0.064,18.2,0
8e13320a-a8d2-4819-bc76-35c083d48e4e,2026-08-05T01:39:45.759394Z,PM-42-EAST,4.56,3.34,2814,0.09,20.9,0
b321b200-8a4d-4c2e-b8e4-5638d94bb696,2026-08-05T01:50:45.759394Z,PM-42-EAST,4.9,3.4,3099,0.114,20.0,1
ff76c6b2-5232-4f09-9e54-0277b133e063,2026-08-05T02:02:45.759394Z,PM-42-EAST,5.05,3.62,3388,0.133,30.6,1
f9eec2cf-bbd6-479e-8b15-42f026ab0363,2026-08-05T02:56:45.759394Z,PM-42-EAST,5.94,3.85,3366,0.142,31.5,1
5ce8c876-b098-4cef-b0ee-330c40d26412,2026-08-05T03:25:45.759394Z,PM-42-EAST,6.09,4.09,3704,0.205,21.2,1
1d94df8c-5054-4cd3-a7e2-0eaafc056741,2026-08-05T04:02:45.759394Z,PM-42-EAST,6.8,4.66,3667,0.25,34.3,1
c3691267-a00f-4bad-b8f9-3a58f5ac43de,2026-08-05T04:21:45.759394Z,PM-42-EAST,6.85,4.89,3926,0.292,17.5,1
03e69f89-50b7-495f-937e-8ff754b7bfde,2026-08-05T04:42:45.759394Z,PM-42-EAST,7.31,4.86,3941,0.328,40.0,1
93fb671c-225a-4097-86b3-bfa46a129a19,2026-08-05T05:22:45.759394Z,PM-42-EAST,7.4,5.25,3933,0.31,17.3,1
a299a7ca-99de-497a-81fb-b8a54398b14a,2026-08-05T05:32:45.759394Z,PM-42-EAST,7.06,5.35,4352,0.356,15.8,1
91ab54bb-70b5-410e-a5d5-66d30ec9f257,2026-08-05T06:03:45.759394Z,PM-42-EAST,7.36,5.42,4108,0.334,31.2,1
09239ff5-5ac1-4b51-bc95-f4cabda1685d,2026-08-05T06:14:45.759394Z,PM-42-EAST,8.19,4.96,4566,0.352,36.4,1
9a2d7822-69e9-4dbb-b9f3-a4b771ed3e15,2026-08-05T07:08:45.759394Z,PM-42-EAST,5.14,3.43,3010,0.073,33.9,0
b2abaaa0-b293-47ac-a71e-4fafb2d00072,2026-08-05T07:16:45.759394Z,PM-42-EAST,4.82,3.05,2817,0.132,21.0,0
3e39e579-4cea-4fb6-a7b5-26e3096f3419,2026-08-05T08:14:45.759394Z,PM-42-EAST,4.52,3.41,3143,0.11,37.7,0
edd0c447-d7d1-4690-bae0-9b6170b69d7b,2026-08-05T08:27:45.759394Z,PM-42-EAST,4.51,3.43,3079,0.059,36.9,0
7f36c7ec-b31f-4287-ac99-b292f32dd1be,2026-08-05T08:39:45.759394Z,PM-42-EAST,4.82,3.43,2895,0.053,28.0,0
7f07c977-1899-4c59-ad69-c8e1a87d6d8b,2026-08-05T08:57:45.759394Z,PM-42-EAST,4.64,3.08,3142,0.112,35.9,0
7016baae-faa1-48c9-9480-971db871e7cb,2026-08-05T09:43:45.759394Z,PM-42-EAST,4.62,3.07,2816,0.126,37.4,0
fb31ad0c-dfd1-48b1-b319-812589d74929,2026-08-05T09:57:45.759394Z,PM-42-EAST,4.59,3.18,3088,0.109,27.3,0
8f495ef4-e857-4f5c-bce0-0a93b2fc14d4,2026-08-05T10:24:45.759394Z,PM-42-EAST,5.15,3.68,2945,0.126,28.0,0
c6e9ad6d-5667-41c5-ad34-bfea0f3f5569,2026-08-05T10:37:45.759394Z,PM-42-EAST,5.47,3.18,2854,0.05,23.7,0
e97a4774-6c47-47f9-96a2-19ceb2d3900e,2026-08-05T10:53:45.759394Z,PM-42-EAST,5.4,3.73,3087,0.075,36.7,0
1b5e3ab5-a24b-4056-855f-06dc5e51c118,2026-08-05T11:10:45.759394Z,PM-42-EAST,4.58,3.52,3035,0.145,37.0,0
31dfed76-304d-4283-819f-3c8d4f3d5a9c,2026-08-05T11:54:45.759394Z,PM-42-EAST,4.97,3.11,2987,0.105,37.6,0
12ab0040-a293-4b75-8e07-42c1b932dcf7,2026-08-05T12:01:45.759394Z,PM-42-EAST,5.13,3.15,2964,0.108,25.5,0
ba6f1635-e68a-4ab4-ab3f-1df6068b6a36,2026-08-05T12:13:45.759394Z,PM-42-EAST,5.01,3.05,3083,0.058,30.9,0
fbaea9d2-2418-4b53-992b-550fa645aef9,2026-08-05T12:52:45.759394Z,PM-42-EAST,4.78,3.8,2870,0.098,26.6,0
e3a759f3-a19d-4716-8674-5b0d307de2b9,2026-08-05T13:10:45.759394Z,PM-42-EAST,4.92,3.27,2896,0.108,22.4,0
61c1cb51-c925-4a83-a168-07daa51e7022,2026-08-05T13:33:45.759394Z,PM-42-EAST,4.88,3.31,3186,0.07,25.9,0
63e3d9f6-9514-4ff8-8785-072445f23e74,2026-08-05T14:29:45.759394Z,PM-42-EAST,5.29,3.43,2942,0.055,39.5,0
84e2d779-605d-4895-9780-af8577c3136d,2026-08-05T15:21:45.759394Z,PM-42-EAST,4.9,3.73,3170,0.104,31.1,0
a95ca45f-9d65-4aff-98d9-c055bebf629b,2026-08-05T16:10:45.759394Z,PM-42-EAST,4.63,3.39,3035,0.114,20.5,0
32617596-7cab-4a14-9010-6cc634533107,2026-08-05T16:19:45.759394Z,PM-42-EAST,5.02,3.68,2917,0.105,19.9,0
185d13ed-8865-4c05-8a0c-3e108ef45466,2026-08-05T16:55:45.759394Z,PM-42-EAST,5.08,3.79,3044,0.144,34.4,0
a62d02bf-c057-4dc4-9a16-32a19bceea42,2026-08-05T17:33:45.759394Z,PM-42-EAST,5.26,3.18,3068,0.101,37.5,0
b5584533-46e2-4fdf-901a-c515aab1f1a8,2026-08-05T18:14:45.759394Z,PM-42-EAST,5.08,3.22,3013,0.056,19.7,0
3ae3a00a-a9c1-4a69-a968-a6f706dbdfc0,2026-08-05T19:01:45.759394Z,PM-42-EAST,5.09,3.62,2938,0.079,18.5,0
2d9a5b39-8788-4f53-83cf-eb24031dab7b,2026-08-05T19:22:45.759394Z,PM-42-EAST,4.51,3.68,2815,0.061,18.9,0
76101f92-f9cd-4343-96bb-9dcacd7286c9,2026-08-05T19:50:45.759394Z,PM-42-EAST,5.45,3.15,2833,0.052,19.1,0
e8266aad-704b-4380-b3b4-bf50419fffae,2026-08-05T20:49:45.759394Z,PM-42-EAST,5.32,3.04,2837,0.137,25.9,0
eac10403-f64b-46a1-92b3-70a3f9565564,2026-08-05T21:26:45.759394Z,PM-42-EAST,5.35,3.33,3092,0.149,40.0,0
459fec26-ae00-4c99-bdf4-bf716c728a4d,2026-08-05T21:55:45.759394Z,PM-42-EAST,4.81,3.58,2807,0.069,26.8,0
05c50cee-2410-4184-8879-cd0b07f690dd,2026-08-05T22:41:45.759394Z,PM-42-EAST,4.53,3.58,2987,0.065,25.5,0
801660a6-c5f1-471f-bf99-1b22b74f1a92,2026-08-05T23:39:45.759394Z,PM-42-EAST,4.72,3.53,3147,0.083,22.8,0
33fa7ce1-832b-47fc-8613-1e5d7f3e8149,2026-08-05T23:46:45.759394Z,PM-42-EAST,4.79,3.17,3142,0.116,21.5,0
607f1607-3a72-453d-94ca-f0ed2a42b3b3,2026-08-06T00:25:45.759394Z,PM-42-EAST,4.64,3.31,3079,0.108,16.2,0
62208d4b-4e8e-4525-b9bf-176485ec7c50,2026-08-06T00:54:45.759394Z,PM-42-EAST,5.62,3.54,3319,0.085,39.2,1
7cc43aa7-9e54-42c8-adfc-d48936e69fdf,2026-08-06T01:11:45.759394Z,PM-42-EAST,5.97,3.87,3215,0.135,33.4,1
b3d3cb3c-4eb3-4bcd-ace4-4707a51d5613,2026-08-06T01:43:45.759394Z,PM-42-EAST,6.58,3.97,3480,0.206,36.4,1
6f497d92-8d3a-4b5a-aca6-2acb5476aeed,2026-08-06T01:59:45.759394Z,PM-42-EAST,6.25,4.32,3789,0.264,22.6,1
a1833f92-e4a6-4398-9ee5-e4be61ee279c,2026-08-06T02:51:45.759394Z,PM-42-EAST,7.12,4.42,4054,0.327,27.9,1
9916ea2e-1caa-4b28-9337-490987a1a456,2026-08-06T03:08:45.759394Z,PM-42-EAST,7.12,4.63,4074,0.368,16.6,1
d70ba6a4-95ac-4458-a86b-d95ed8578daa,2026-08-06T03:48:45.759394Z,PM-42-EAST,7.68,4.96,4506,0.35,32.2,1
75b45dc4-cabf-48f8-9ee9-17049caf2043,2026-08-06T04:15:45.759394Z,PM-42-EAST,7.59,4.98,4431,0.355,39.8,1
2d41b69e-ecfa-4a6a-9916-6a5576c1585d,2026-08-06T04:57:45.759394Z,PM-42-EAST,5.05,3.61,2820,0.118,38.0,0
5a9143f4-6927-4cc8-b982-a162b546dc9c,2026-08-06T05:17:45.759394Z,PM-42-EAST,4.85,3.66,3116,0.098,27.6,0
24d16109-4e33-40f5-bb00-edcf49490d6f,2026-08-06T05:32:45.759394Z,PM-42-EAST,5.08,3.33,3161,0.147,30.5,0
144c52c7-f59d-4691-af10-54649b914db9,2026-08-06T05:39:45.759394Z,PM-42-EAST,4.62,3.43,3123,0.128,18.5,0
feac7909-cd0f-4749-85b7-b426d50f7302,2026-08-06T06:05:45.759394Z,PM-42-EAST,5.28,3.01,2939,0.086,17.3,0
fa694ec6-ee1b-4286-a6a1-2b188f451884,2026-08-06T06:15:45.759394Z,PM-42-EAST,4.93,3.04,2859,0.089,32.3,0
a56d0ba0-1517-416e-8131-da026931575b,2026-08-06T06:58:45.759394Z,PM-42-EAST,4.63,3.17,3020,0.08,19.6,0
2c1e8a79-0f38-4b49-9aa2-e92db19129ce,2026-08-06T07:20:45.759394Z,PM-42-EAST,4.67,3.3,3010,0.117,21.3,0
84f29e0e-057e-474b-94e5-f487e0722072,2026-08-06T07:37:45.759394Z,PM-42-EAST,4.71,3.04,3090,0.099,26.0,0
44e85089-c656-431a-abae-f8dcb1623f8d,2026-08-06T08:23:45.759394Z,PM-42-EAST,5.28,3.17,3135,0.117,37.4,0
bade0bf5-7363-4df1-8053-55bb17301673,2026-08-06T09:23:45.759394Z,PM-42-EAST,5.48,3.7,3141,0.103,34.8,0
64c7428e-fa77-46cb-8c6c-2d59a817151c,2026-08-06T10:16:45.759394Z,PM-42-EAST,5.78,3.45,3131,0.132,17.4,1
0d1d8a82-22dc-4b5c-bafc-273c55ab2340,2026-08-06T10:47:45.759394Z,PM-42-EAST,5.99,3.88,3177,0.18,28.1,1
9a413ca5-2227-4756-a6f1-02a7ae5aea41,2026-08-06T11:00:45.759394Z,PM-42-EAST,6.37,3.95,3634,0.185,32.5,1
11a70bc6-1399-4286-ab0d-abf117ede81c,2026-08-06T11:35:45.759394Z,PM-42-EAST,5.99,4.7,3663,0.211,25.5,1
d68872b3-c8af-4b02-b104-3200308b6c29,2026-08-06T12:06:45.759394Z,PM-42-EAST,6.53,4.99,3936,0.328,30.7,1
70ce431e-753f-49e2-9a0d-5291128fc7b3,2026-08-06T12:28:45.759394Z,PM-42-EAST,7.59,4.5,4027,0.32,15.1,1
f92dbc9f-b8c4-4047-b164-abb256050cb8,2026-08-06T12:36:45.759394Z,PM-42-EAST,6.99,5.18,4016,0.392,29.8,1
5fa891ce-4340-417d-a578-17ee6a404719,2026-08-06T13:21:45.759394Z,PM-42-EAST,7.86,4.93,4297,0.339,23.2,1
e526cc72-d875-4171-bfb9-5f4fa20e4754,2026-08-06T13:34:45.759394Z,PM-42-EAST,7.66,5.53,4487,0.432,24.2,1
a3187bb0-a500-4a11-8062-f34d39b1207f,2026-08-06T13:49:45.759394Z,PM-42-EAST,4.95,3.22,3036,0.058,18.0,0
d46b79db-5022-4139-83e6-e13ae8fe7ab4,2026-08-06T14:05:45.759394Z,PM-42-EAST,5.36,3.61,3177,0.072,31.4,0
aab28447-1621-43df-ae22-63ec6fcf21ea,2026-08-06T14:27:45.759394Z,PM-42-EAST,5.36,3.36,3191,0.135,25.4,0
20fafc8e-ca40-4b20-9f5e-7e2635b6087c,2026-08-06T14:47:45.759394Z,PM-42-EAST,5.08,3.63,3110,0.136,38.9,0
55e1f6b7-82e2-4e75-95a7-10a27ed51355,2026-08-06T15:05:45.759394Z,PM-42-EAST,4.92,3.55,3028,0.14,37.0,0
c83040e9-b6ef-422a-8579-41e8ccfeeaf1,2026-08-06T15:42:45.759394Z,PM-42-EAST,5.25,3.57,2844,0.099,20.5,0
eef541f1-be40-41ad-9da1-b842a95e1573,2026-08-06T16:04:45.759394Z,PM-42-EAST,4.69,3.22,2831,0.119,20.4,0
43de5f1b-6236-4ebc-bb1a-a96c314717cb,2026-08-06T16:19:45.759394Z,PM-42-EAST,5.03,3.23,2876,0.078,16.3,0
32cb1e20-e20f-423a-86b0-cd68d3c34b84,2026-08-06T16:47:45.759394Z,PM-42-EAST,5.26,3.69,3072,0.089,34.6,0
6afd81ce-82af-4fd5-b36d-3509f2cc7106,2026-08-06T17:43:45.759394Z,PM-42-EAST,5.11,3.47,3025,0.131,32.5,0
692f3bed-d6bc-41b7-a8f3-36d440343382,2026-08-06T18:17:45.759394Z,PM-42-EAST,4.62,3.17,3161,0.088,16.5,0
b7fc2684-a14b-4f8a-9cf5-4c1876533524,2026-08-06T19:15:45.759394Z,PM-42-EAST,5.42,3.73,2874,0.093,27.7,0
931c599b-b005-45d0-bd72-894afe728222,2026-08-06T19:33:45.759394Z,PM-42-EAST,4.89,3.27,3042,0.147,38.7,0
6dc34590-19ee-4d5d-841d-82577870266d,2026-08-06T20:24:45.759394Z,PM-42-EAST,5.26,3.01,3056,0.091,21.9,0
b03c481a-3581-47f4-8d21-15c5a4da9fe1,2026-08-06T20:46:45.759394Z,PM-42-EAST,4.78,3.12,3066,0.117,15.3,0
7e36f206-c283-4e8d-87ba-077d417e1bd3,2026-08-06T21:21:45.759394Z,PM-42-EAST,4.94,3.24,3095,0.082,18.2,0
96354091-8cea-4a43-be56-740993c4575a,2026-08-06T21:47:45.759394Z,PM-42-EAST,5.17,3.16,3111,0.137,18.5,0
2f163397-8bba-4356-af24-bac0cfeca676,2026-08-06T22:06:45.759394Z,PM-42-EAST,4.65,3.28,3016,0.083,24.5,0
2afc6b68-0e4c-4003-aeb6-10dd3afea537,2026-08-06T22:12:45.759394Z,PM-42-EAST,5.19,3.37,2909,0.135,15.5,0
69ee55f6-bf15-4faa-8771-056bc7e452bc,2026-08-06T22:56:45.759394Z,PM-42-EAST,4.75,3.29,3070,0.093,23.0,0
d3b8dc79-cb1d-4950-a26b-5c01c5e03086,2026-08-06T23:10:45.759394Z,PM-42-EAST,5.39,3.21,2882,0.146,38.0,0
0cc37301-fa3d-4d9e-9b67-89596c619ee4,2026-08-06T23:21:45.759394Z,PM-42-EAST,4.7,3.09,2914,0.143,24.8,0
295bae7c-4f72-4fd0-8469-8971ad4d60e9,2026-08-07T00:12:45.759394Z,PM-42-EAST,4.56,3.06,3038,0.114,16.4,0
42f9ddb2-7034-4e68-8b69-d622913c2764,2026-08-07T01:12:45.759394Z,PM-42-EAST,5.24,3.31,2814,0.092,17.1,0
d67817cc-e364-42f8-bf8a-ecef91735130,2026-08-07T01:39:45.759394Z,PM-42-EAST,5.5,3.77,2900,0.124,21.0,0
6c061883-beea-4725-b77f-317a8c7c57ee,2026-08-07T01:49:45.759394Z,PM-42-EAST,5.07,3.37,2837,0.097,21.5,0
c5dfc0b9-0a1c-40d1-bd12-d6519aa3a9cc,2026-08-07T02:02:45.759394Z,PM-42-EAST,4.8,3.79,2885,0.084,26.9,0
80fdf77d-ae44-4402-98a3-7a036660c06a,2026-08-07T02:19:45.759394Z,PM-42-EAST,4.7,3.37,3150,0.141,20.4,0
a94de1bd-12f5-48da-aa81-1621eccbd3f2,2026-08-07T03:13:45.759394Z,PM-42-EAST,4.72,3.03,2841,0.128,17.3,0
ec3f8999-f1e5-45d4-8c6c-f89b0761aea8,2026-08-07T04:10:45.759394Z,PM-42-EAST,5.45,3.4,3050,0.127,16.4,0
76601ee0-917f-4124-a1ff-263cb03a71f9,2026-08-07T04:29:45.759394Z,PM-42-EAST,4.69,3.25,2865,0.146,20.0,0
70e681a2-7ec2-4898-9fea-01fc190b8cc3,2026-08-07T04:52:45.759394Z,PM-42-EAST,5.17,3.22,3109,0.121,19.1,0
e0f69c2d-a338-45e2-9cf6-dbd113551326,2026-08-07T04:59:45.759394Z,PM-42-EAST,5.26,3.19,2980,0.122,26.7,0
8252a818-f2ae-42bc-b0bf-860d1580950f,2026-08-07T05:10:45.759394Z,PM-42-EAST,5.49,3.13,3186,0.093,23.8,0
65b3a8d8-1edd-4672-af60-3c9726996dde,2026-08-07T05:30:45.759394Z,PM-42-EAST,4.75,3.79,2847,0.142,37.8,0
1501b447-6d2e-40e8-b19b-1f4c423e9619,2026-08-07T06:14:45.759394Z,PM-42-EAST,5.05,3.31,2933,0.138,33.5,0
72b4cf71-e2df-4a8b-b763-e454e1d58b8b,2026-08-07T06:44:45.759394Z,PM-42-EAST,5.1,3.64,3174,0.096,30.2,0
e4190443-f2c7-49ca-a3a9-fb66f7e849c5,2026-08-07T07:29:45.759394Z,PM-42-EAST,4.73,3.62,3082,0.096,19.8,0
26189b3f-cd8b-4697-b0ca-8ec10293a998,2026-08-07T07:57:45.759394Z,PM-42-EAST,5.48,3.71,3037,0.069,29.0,0
6cee0b4f-a4a4-4ffb-80a4-bbbf3a6c5988,2026-08-07T08:20:45.759394Z,PM-42-EAST,4.58,3.51,3054,0.138,20.1,0
6beded89-fa43-4104-a3af-c33667321ed2,2026-08-07T09:20:45.759394Z,PM-42-EAST,5.21,3.03,2858,0.1,34.8,0
73844e1f-8824-49a6-846b-2ceba92a05ab,2026-08-07T09:38:45.759394Z,PM-42-EAST,4.75,3.26,2931,0.149,31.5,0
13dc0fd8-a3a0-40b2-b3c4-c0b97344e7e5,2026-08-07T10:33:45.759394Z,PM-42-EAST,4.8,3.58,2890,0.116,18.0,0
750de0b0-73b5-497d-8e81-75474304bc42,2026-08-07T10:57:45.759394Z,PM-42-EAST,5.38,3.41,3135,0.085,18.0,0
7b7b750a-cc72-4279-9ad7-60224b8ddc6a,2026-08-07T11:09:45.759394Z,PM-42-EAST,5.0,3.16,2829,0.099,19.4,0
542c09ea-f679-4a4b-accd-ed4002409807,2026-08-07T11:44:45.759394Z,PM-42-EAST,4.8,3.39,2908,0.114,38.4,0
ba5c78a6-5cdf-483e-816c-53b721cf30c5,2026-08-07T12:41:45.759394Z,PM-42-EAST,4.72,3.29,3164,0.058,33.2,0
4ce547b7-2fe8-4700-9937-549430c2f40a,2026-08-07T13:31:45.759394Z,PM-42-EAST,4.79,3.6,3025,0.136,22.4,0
6c6a4a90-f16d-4e77-ad38-9d9290c9caad,2026-08-07T13:47:45.759394Z,PM-42-EAST,5.37,3.2,3084,0.087,34.5,0
ade7ad26-9b41-4f28-b24d-735bb9d643d7,2026-08-07T14:14:45.759394Z,PM-42-EAST,5.21,3.59,3188,0.053,34.5,0
b66c213d-5f1f-46e8-9e93-fc1e7fe86149,2026-08-07T15:08:45.759394Z,PM-42-EAST,5.45,3.57,2816,0.108,39.0,0
b68f6bb9-bca1-429c-b6ea-60785938bd38,2026-08-07T16:03:45.759394Z,PM-42-EAST,5.17,3.07,2866,0.069,36.3,0
53722c98-e62e-4653-a73f-65e5e4803ced,2026-08-07T16:29:45.759394Z,PM-42-EAST,4.83,3.84,3158,0.161,16.0,1
1e505642-026c-4983-8fe1-3f6acc9a759b,2026-08-07T17:13:45.759394Z,PM-42-EAST,5.0,3.4,3375,0.195,28.1,1
1c74243a-1974-4fee-984d-f85b2150efc2,2026-08-07T17:42:45.759394Z,PM-42-EAST,5.69,3.64,3415,0.158,37.2,1
15d83708-08d9-4abc-909f-8cb88c16160d,2026-08-07T18:05:45.759394Z,PM-42-EAST,6.61,3.93,3433,0.202,28.9,1
ec188599-5a6d-4573-9630-17af83b68181,2026-08-07T18:56:45.759394Z,PM-42-EAST,6.93,4.24,3895,0.203,26.1,1
6c1f5fb8-43e8-456c-9689-31cbfed7528a,2026-08-07T19:28:45.759394Z,PM-42-EAST,7.19,4.82,4036,0.241,25.5,1
8fa066a7-e2e6-40ef-a0c2-3df78fda0fbb,2026-08-07T19:41:45.759394Z,PM-42-EAST,6.79,4.81,3954,0.371,31.9,1
fc9f7ca3-2448-404f-b761-4fe5180918fa,2026-08-07T20:04:45.759394Z,PM-42-EAST,7.46,4.95,4417,0.316,21.7,1
aa8f9bbf-b64d-4586-bbd3-b32ecf1e4f20,2026-08-07T20:44:45.759394Z,PM-42-EAST,8.12,5.1,4500,0.399,28.6,1
9b1edeaf-d6e6-4ff7-b1e1-95d4245d1a18,2026-08-07T21:38:45.759394Z,PM-42-EAST,5.4,3.61,2912,0.141,39.7,0
72dbe9a1-dbf7-4017-afe1-89d99e8243c0,2026-08-07T21:47:45.759394Z,PM-42-EAST,5.48,3.22,2852,0.098,17.7,0
6cdfefb6-beac-4ddc-a885-2abdf8a41bbd,2026-08-07T21:53:45.759394Z,PM-42-EAST,5.47,3.19,2996,0.094,23.8,0
0f5ade63-9837-4254-8cd3-0e52d0ab0258,2026-08-07T22:47:45.759394Z,PM-42-EAST,5.04,3.54,3059,0.085,36.8,0
832460dd-1c9e-4059-b638-c29f71d75680,2026-08-07T23:36:45.759394Z,PM-42-EAST,5.49,3.35,3181,0.128,19.4,0
50866f7e-631c-45f4-8da7-88ad81e61cd3,2026-08-08T00:36:45.759394Z,PM-42-EAST,5.02,3.5,3071,0.074,27.3,0
68d7e323-c4c8-48a0-a656-fbe4591efd10,2026-08-08T01:33:45.759394Z,PM-42-EAST,5.19,3.47,2830,0.095,37.3,0
bab08999-a767-476a-a861-c24ac650cb5d,2026-08-08T02:16:45.759394Z,PM-42-EAST,4.93,3.05,3107,0.05,32.9,0
b3005134-2b82-4ae9-a557-56a5c143a05c,2026-08-08T03:06:45.759394Z,PM-42-EAST,4.96,3.39,3088,0.104,21.4,0
1b26b39c-9e26-4fd9-bb07-2153f87ed2c7,2026-08-08T03:18:45.759394Z,PM-42-EAST,5.26,3.1,3067,0.127,22.7,0
7de807e4-493f-417a-90f3-a25f2b7f182c,2026-08-08T04:16:45.759394Z,PM-42-EAST,5.14,3.43,2807,0.098,22.8,0
6887f2c1-8a65-4b9c-a2a7-72bc5d754dc5,2026-08-08T04:22:45.759394Z,PM-42-EAST,5.48,3.62,2956,0.112,20.2,0
35f825d6-2ae1-4659-96f8-ccad55ce1136,2026-08-08T04:31:45.759394Z,PM-42-EAST,4.95,3.2,2960,0.072,37.9,0
dd2d9949-b610-488f-b7d9-3a10ca42f15d,2026-08-08T04:47:45.759394Z,PM-42-EAST,4.77,3.16,2882,0.091,18.4,0
9c6217ba-16e0-4035-8d82-85709bd7c454,2026-08-08T05:24:45.759394Z,PM-42-EAST,4.67,3.54,3034,0.122,25.1,0
8dddebf7-8a20-454f-9c5e-5db325c45890,2026-08-08T05:39:45.759394Z,PM-42-EAST,5.07,3.35,2929,0.117,37.5,0
2380a4b4-cfa2-4fe0-b168-d6bee91d9f7c,2026-08-08T06:21:45.759394Z,PM-42-EAST,5.42,3.76,2964,0.089,33.6,0
1a69cb4c-77e8-49d6-9363-3cd0dae565c9,2026-08-08T06:54:45.759394Z,PM-42-EAST,4.88,3.76,2935,0.087,19.3,0
24437fcf-e7c5-42c2-8dff-80bb2b29e7ad,2026-08-08T07:14:45.759394Z,PM-42-EAST,5.43,3.66,2947,0.138,31.8,0
e6f6f896-a3a0-4d44-b298-bc92cf969775,2026-08-08T08:07:45.759394Z,PM-42-EAST,5.0,3.14,3020,0.135,18.2,0
a75ca817-f790-4de8-abea-8afd59f7fbb2,2026-08-08T08:44:45.759394Z,PM-42-EAST,4.77,3.18,2835,0.091,23.0,0
81657941-2dae-4e13-aff0-c5a1f824508d,2026-08-08T08:57:45.759394Z,PM-42-EAST,4.52,3.7,3106,0.104,31.2,0
3b2ca03f-75b6-4da0-abc4-cc45a9c3c9cc,2026-08-08T09:26:45.759394Z,PM-42-EAST,4.55,3.42,2916,0.059,16.3,0
1bd9da30-726a-4614-a27a-86f3a9db8a3c,2026-08-08T10:22:45.759394Z,PM-42-EAST,4.57,3.12,2986,0.132,29.8,0
5b326e80-d9bb-420a-92ba-bb9af523e5b1,2026-08-08T10:52:45.759394Z,PM-42-EAST,4.65,3.79,2859,0.066,26.2,0
24515467-8e60-405e-aa4f-3172a27d38a5,2026-08-08T11:00:45.759394Z,PM-42-EAST,5.43,3.61,3156,0.134,38.0,0
a2313bca-c3cf-43b4-a5a8-72134d95cc97,2026-08-08T11:33:45.759394Z,PM-42-EAST,4.79,3.13,2870,0.139,19.5,0
9ea56893-9222-4d0b-8a92-1137c62560fd,2026-08-08T12:25:45.759394Z,PM-42-EAST,5.49,3.72,3151,0.066,34.7,0
14284c7c-8953-41ab-9e92-a5328b0feb46,2026-08-08T13:08:45.759394Z,PM-42-EAST,4.66,3.58,3009,0.146,22.3,0
f5585a18-2dda-4eb7-90aa-f35235269468,2026-08-08T13:36:45.759394Z,PM-42-EAST,4.83,3.69,2802,0.127,33.9,0
99893ce5-fc42-43d2-b493-11a646918edb,2026-08-08T13:51:45.759394Z,PM-42-EAST,5.34,3.51,3061,0.078,32.6,0
7a0da353-13e2-485b-9143-9f5a44fade1a,2026-08-08T14:20:45.759394Z,PM-42-EAST,5.44,3.67,2939,0.076,39.8,0
f2545712-1a9e-4b21-959c-b4df34311b43,2026-08-08T14:26:45.759394Z,PM-42-EAST,4.57,3.59,3035,0.122,33.7,0
b9a3cd5a-4108-4fcb-a332-aea9c3fcc0c8,2026-08-08T14:45:45.759394Z,PM-42-EAST,4.58,3.28,3000,0.057,32.9,0
8ca5adad-fab0-431f-94cf-f399c9feb496,2026-08-08T15:04:45.759394Z,PM-42-EAST,4.85,3.43,3006,0.081,38.5,0
1bc02431-4350-4753-b122-f4ecf64a7a8c,2026-08-08T15:24:45.759394Z,PM-42-EAST,5.27,3.58,3123,0.138,33.0,0
24bff26b-bcfe-4efd-8c76-df57cb23b5b7,2026-08-08T15:55:45.759394Z,PM-42-EAST,4.79,3.79,2890,0.139,38.0,0
fe02f814-8938-490d-a1d2-17c7acb7a165,2026-08-08T16:00:45.759394Z,PM-42-EAST,4.91,3.06,3113,0.121,37.2,0
9e535cc0-f18c-4cf7-8346-ca2f149ec4e5,2026-08-08T16:06:45.759394Z,PM-42-EAST,4.61,3.6,2811,0.112,33.1,0
d8602b01-20f4-4cbf-b565-ab4deab675bf,2026-08-08T16:53:45.759394Z,PM-42-EAST,5.36,3.25,3044,0.137,16.2,0
a4602172-f8a5-43b4-b621-5d2ce269fb35,2026-08-08T17:45:45.759394Z,PM-42-EAST,4.99,3.1,3175,0.065,39.1,0
33cbc7b9-fd39-445a-a4c6-bcc85d6ed644,2026-08-08T17:50:45.759394Z,PM-42-EAST,4.52,3.24,2861,0.121,29.8,0
33a5cb98-57b7-4ded-abcb-6fa2add11507,2026-08-08T18:10:45.759394Z,PM-42-EAST,4.55,3.08,2887,0.137,32.4,0
5c94513f-062c-44c8-95c4-7c2d05318900,2026-08-08T18:57:45.759394Z,PM-42-EAST,5.31,3.08,2945,0.076,20.0,0
d1f06240-7d39-4e61-ba62-cb217614da3a,2026-08-08T19:31:45.759394Z,PM-42-EAST,5.47,3.06,3036,0.06,15.6,0
9bd950cc-80dc-4de9-89f9-f7de2ccccce6,2026-08-08T20:27:45.759394Z,PM-42-EAST,4.89,3.53,3130,0.082,34.7,0
676fbb09-2301-43d3-b8d6-f5317cf5bbe8,2026-08-08T21:22:45.759394Z,PM-42-EAST,4.76,3.25,3102,0.061,17.0,0
5e4c50c4-8cf7-4bf8-bd37-417ea1398d79,2026-08-08T21:46:45.759394Z,PM-42-EAST,5.42,3.25,2824,0.111,33.2,0
08beb07b-88e7-4454-bab5-9492514e1aa1,2026-08-08T22:11:45.759394Z,PM-42-EAST,5.02,3.46,3194,0.118,25.4,0
95423581-3724-4cb0-91da-27abe528675f,2026-08-08T22:31:45.759394Z,PM-42-EAST,4.95,3.42,3070,0.114,28.4,0
76019efa-54f4-4c79-b40e-23641929cf0d,2026-08-08T23:26:45.759394Z,PM-42-EAST,4.54,3.44,2992,0.061,32.5,0
316b621c-7c8c-4b89-88a0-8237d72e8895,2026-08-09T00:00:45.759394Z,PM-42-EAST,4.8,3.74,3149,0.101,20.0,0
4de8c55d-7741-4ce5-ae77-2156ec7f42b0,2026-08-09T00:35:45.759394Z,PM-42-EAST,5.2,4.0,2980,0.106,34.0,1
89bedefa-2799-4026-89b9-d8073a5b8617,2026-08-09T00:43:45.759394Z,PM-42-EAST,5.8,3.53,3130,0.174,36.3,1
d3353d0d-5835-4b86-bb45-2d63d1fd8f86,2026-08-09T01:29:45.759394Z,PM-42-EAST,6.18,4.1,3622,0.212,18.4,1
606af44a-9fae-4c47-8144-3bb1438e3a54,2026-08-09T02:28:45.759394Z,PM-42-EAST,6.68,4.19,3559,0.174,25.9,1
6b305f8f-7eaa-402e-944f-c9b9227f922d,2026-08-09T02:42:45.759394Z,PM-42-EAST,6.6,4.36,3730,0.231,24.0,1
22bde3b4-7606-4292-afd1-20588c50ca3c,2026-08-09T03:08:45.759394Z,PM-42-EAST,6.8,4.35,3919,0.28,31.6,1
49b72a44-4ff6-4c6e-9881-8b103cdc98c9,2026-08-09T03:47:45.759394Z,PM-42-EAST,6.87,4.86,3992,0.354,39.8,1
be66a1ba-4e30-4042-a65e-7f75dcd6608f,2026-08-09T04:39:45.759394Z,PM-42-EAST,7.34,5.08,4334,0.323,22.8,1
5e6a3c91-1aa1-43d9-b0eb-3107740e7329,2026-08-09T05:34:45.759394Z,PM-42-EAST,7.62,5.3,4546,0.393,31.8,1
008e1688-9299-4b42-9b0d-f9693843d2f6,2026-08-09T05:39:45.759394Z,PM-42-EAST,5.03,3.49,2837,0.104,33.3,0
9a17e489-9486-4551-9148-19d5b5d088ac,2026-08-09T06:03:45.759394Z,PM-42-EAST,5.35,3.16,2994,0.08,33.9,0
7a3ff322-7e27-4b1a-bffa-42d1e8a2096f,2026-08-09T06:21:45.759394Z,PM-42-EAST,4.88,3.12,3071,0.058,19.0,0
b726a4bd-5eb6-4557-878b-6f536226622a,2026-08-09T07:14:45.759394Z,PM-42-EAST,4.83,3.36,3079,0.119,17.5,0
18350406-fe8c-4724-b388-3bc71044d733,2026-08-09T07:31:45.759394Z,PM-42-EAST,4.99,3.45,2967,0.062,19.4,0
d1c6b75a-b673-437c-8665-656d29a7983c,2026-08-09T08:12:45.759394Z,PM-42-EAST,4.61,3.64,2838,0.059,28.4,0
bf83b44d-3506-4a83-8bf6-613a47735601,2026-08-09T08:39:45.759394Z,PM-42-EAST,5.49,3.11,3194,0.069,26.3,0
d5328f3d-58c4-4c64-9a81-90cf902483fd,2026-08-09T09:37:45.759394Z,PM-42-EAST,5.3,3.25,3197,0.077,18.0,0
cc1f64b5-e70a-4671-979f-1a92d44d534c,2026-08-09T10:32:45.759394Z,PM-42-EAST,4.82,3.05,3172,0.093,37.6,0
020b946a-cbd1-4fc0-95a3-1e7c48a6873f,2026-08-09T11:14:45.759394Z,PM-42-EAST,5.1,3.77,3115,0.096,17.4,0
4233e89c-9e19-485b-bc10-e0a1fdcb2718,2026-08-09T11:55:45.759394Z,PM-42-EAST,5.2,3.43,3066,0.117,15.1,0
49e05922-e123-439e-b683-f9842f9e063a,2026-08-09T12:10:45.759394Z,PM-42-EAST,4.64,3.1,2981,0.057,23.6,0
ca13ebbf-8eb5-4a9d-a5c9-37f862788617,2026-08-09T13:05:45.759394Z,PM-42-EAST,5.41,3.61,2841,0.071,32.3,0
a12e7a8b-b4a1-4f84-bc13-eda157b918e0,2026-08-09T13:13:45.759394Z,PM-42-EAST,4.7,3.6,3077,0.123,28.4,0
f29e2190-4102-466d-a5ed-a43af740780c,2026-08-09T13:29:45.759394Z,PM-42-EAST,4.86,3.69,2848,0.081,35.2,0
2baf7d26-1b18-4145-9d69-a81d9b4a6218,2026-08-09T13:35:45.759394Z,PM-42-EAST,5.4,3.74,2872,0.077,33.0,0
a3f862e4-64d1-4b21-8347-da07940081e2,2026-08-09T14:21:45.759394Z,PM-42-EAST,4.93,3.6,3121,0.146,15.9,0
003449a2-280a-48be-82ae-0795fe1d6fda,2026-08-09T15:08:45.759394Z,PM-42-EAST,4.95,3.49,3074,0.137,29.7,0
8654d190-a740-40f8-9427-57b387c8b704,2026-08-09T15:19:45.759394Z,PM-42-EAST,5.0,3.7,3090,0.066,38.0,0
ca3b7280-88b6-4050-a87d-5542a048a108,2026-08-09T15:37:45.759394Z,PM-42-EAST,4.95,3.33,3074,0.052,35.6,0
aa40365f-84ac-4233-9440-2abf526a84a2,2026-08-09T16:35:45.759394Z,PM-42-EAST,5.36,3.5,2994,0.084,27.0,0
dcd3f619-bb71-4560-b181-e99a85de4a78,2026-08-09T17:12:45.759394Z,PM-42-EAST,5.49,3.37,2806,0.104,37.5,0
7df821d9-a726-4dcc-9066-c326e811aea2,2026-08-09T17:55:45.759394Z,PM-42-EAST,5.16,3.73,2971,0.114,25.4,0
25913363-ba7b-4670-8b53-6ee8b70a1cec,2026-08-09T18:20:45.759394Z,PM-42-EAST,5.42,3.73,3149,0.066,38.0,0
855eee0a-88cf-4a7d-9d99-5206eabd74ad,2026-08-09T19:15:45.759394Z,PM-42-EAST,4.96,3.44,3064,0.136,29.7,0
b73df2f4-eb14-4ec3-8227-8a7a2d4430fe,2026-08-09T19:24:45.759394Z,PM-42-EAST,5.28,3.5,2911,0.097,37.4,0
9bd61575-477a-4cff-9893-39fb80bddd93,2026-08-09T19:36:45.759394Z,PM-42-EAST,5.15,3.29,3194,0.104,31.0,0
6ae53bf1-d38b-4259-bec4-22deabff4b10,2026-08-09T20:12:45.759394Z,PM-42-EAST,5.0,3.12,3148,0.088,39.7,0
7ea77e8b-fed0-4f1a-8880-5c6c65cd20ca,2026-08-09T20:52:45.759394Z,PM-42-EAST,5.43,3.1,2918,0.055,20.9,0
4b551b7a-8c71-4987-a995-d1bc914fda1f,2026-08-09T21:18:45.759394Z,PM-42-EAST,5.44,3.31,3035,0.086,36.7,0
a29f3c8d-d6c9-4da5-ac46-8e4de5e03859,2026-08-09T22:00:45.759394Z,PM-42-EAST,4.6,3.6,2883,0.094,23.0,0
b043b4fd-fc51-440e-8365-49a19617dcf4,2026-08-09T22:12:45.759394Z,PM-42-EAST,5.15,3.69,3128,0.119,33.6,0
82c3dc95-5daf-4ac1-a1d5-fb12fcc4c174,2026-08-09T22:58:45.759394Z,PM-42-EAST,5.25,3.31,2808,0.145,33.1,0
54d29fc8-3ca6-4e4d-a721-fb0e9631fb0e,2026-08-09T23:28:45.759394Z,PM-42-EAST,5.03,3.05,2883,0.116,20.0,0
792c9ccf-d82a-4d20-8f62-ce228a89afe1,2026-08-09T23:34:45.759394Z,PM-42-EAST,5.2,3.8,3062,0.137,37.6,1
ffb14c97-4b02-4562-83f8-23d9279c98ec,2026-08-10T00:09:45.759394Z,PM-42-EAST,5.03,3.38,3137,0.177,25.4,1
7a297441-65e5-4622-87cc-3f8292b4f894,2026-08-10T00:46:45.759394Z,PM-42-EAST,5.36,3.66,3522,0.23,28.8,1
4ad839da-8876-4692-a777-ba7cc729b63a,2026-08-10T01:32:45.759394Z,PM-42-EAST,6.07,4.2,3643,0.183,33.6,1
2949af53-6580-4b6f-8afe-593845b6bb38,2026-08-10T01:59:45.759394Z,PM-42-EAST,6.54,4.33,3823,0.222,39.7,1
3c98f881-05d0-4440-9fb0-397d1cc9af25,2026-08-10T02:33:45.759394Z,PM-42-EAST,6.46,4.75,3794,0.302,30.3,1
314ec615-c95a-4347-a082-73e6280172f7,2026-08-10T03:31:45.759394Z,PM-42-EAST,6.8,4.93,3950,0.287,32.4,1
440334a8-d591-480a-ba8a-25d54d342b30,2026-08-10T04:04:45.759394Z,PM-42-EAST,7.3,5.16,4083,0.385,24.8,1
c5d759ba-c3f0-462a-b4da-f252b4e5268a,2026-08-10T04:51:45.759394Z,PM-42-EAST,7.94,4.84,4228,0.379,19.0,1
3e332f60-7064-4f1c-8401-eac29454dcda,2026-08-10T05:07:45.759394Z,PM-42-EAST,7.64,5.63,4593,0.432,30.0,1
2533d9f0-d14d-4615-86ca-bc18aef301ca,2026-08-10T05:30:45.759394Z,PM-42-EAST,5.11,3.33,3120,0.068,38.5,0
5d431ac6-c584-4e02-b262-51172e07546e,2026-08-10T05:56:45.759394Z,PM-42-EAST,5.46,3.33,2954,0.078,25.1,0
c2c3871f-a3a2-4d76-b19a-d735d813701f,2026-08-10T06:55:45.759394Z,PM-42-EAST,5.28,3.12,3152,0.122,38.6,0
ccb1324b-9045-4e73-87a5-719ca005fc64,2026-08-10T07:17:45.759394Z,PM-42-EAST,5.09,3.57,3148,0.092,15.3,0
cd45ae2f-3989-46a8-84ba-7f72fe5fcc9f,2026-08-10T08:10:45.759394Z,PM-42-EAST,4.76,3.72,2801,0.119,29.9,0
9e53a740-8dce-4020-bb5b-c3cbe537452b,2026-08-10T09:01:45.759394Z,PM-42-EAST,4.63,3.48,2883,0.139,16.9,0
3ab7047a-e19b-4c51-94ec-68a184bd0f74,2026-08-10T09:44:45.759394Z,PM-42-EAST,5.36,3.65,3134,0.136,26.2,0
00763cb3-aff4-49d4-8104-ffdd3317b73d,2026-08-10T10:36:45.759394Z,PM-42-EAST,4.98,3.21,3163,0.122,23.0,0
1fe19851-ecd3-49cb-bda9-b3b55d1e0a81,2026-08-10T11:24:45.759394Z,PM-42-EAST,5.26,3.51,2897,0.121,22.5,0
f62e80d7-6ffd-4f63-8a60-99bbc623897a,2026-08-10T12:13:45.759394Z,PM-42-EAST,4.64,3.09,2868,0.124,19.0,0
e89a6345-9597-422d-a590-a1b3b4ab541e,2026-08-10T13:10:45.759394Z,PM-42-EAST,5.24,3.36,2926,0.134,25.0,0
230029ce-d12f-4129-93d1-8e9070f90744,2026-08-10T14:00:45.759394Z,PM-42-EAST,5.21,3.16,3172,0.112,38.3,0
02e0e10d-f9d9-4d52-b194-e2f4b97cd967,2026-08-10T14:43:45.759394Z,PM-42-EAST,4.74,3.26,2966,0.142,17.0,0
6b512871-5fd6-4c63-9b6f-bd8915cc7f89,2026-08-10T15:42:45.759394Z,PM-42-EAST,5.41,3.71,2977,0.061,26.8,0
07f068c8-fb95-4079-9ed9-38dfd7fde261,2026-08-10T16:40:45.759394Z,PM-42-EAST,4.52,3.65,3007,0.051,16.9,0
fe81adc6-c599-4054-b151-d1d736148815,2026-08-10T17:13:45.759394Z,PM-42-EAST,5.47,3.63,2860,0.084,24.2,0
1bb8e859-f409-47a2-8ece-bfbf48b45ced,2026-08-10T18:10:45.759394Z,PM-42-EAST,5.38,3.11,3136,0.119,36.7,0
9f08a85c-c64d-4b93-ba10-2f40a46d9606,2026-08-10T18:41:45.759394Z,PM-42-EAST,4.66,3.28,2877,0.105,38.0,0
94c512a4-7f78-4f22-bd3f-9413e2415efb,2026-08-10T19:37:45.759394Z,PM-42-EAST,4.62,3.27,3161,0.098,22.9,0
fc9e4288-b2cd-452d-9af9-547fb290484d,2026-08-10T20:08:45.759394Z,PM-42-EAST,5.26,3.79,2819,0.069,37.1,0
86e0b775-445c-4f63-81ee-9ad5bfa38246,2026-08-10T20:51:45.759394Z,PM-42-EAST,5.17,3.71,3061,0.137,15.5,0
2d7794cf-1f2e-42d0-aa11-1414939f56e0,2026-08-10T21:41:45.759394Z,PM-42-EAST,4.7,3.39,3198,0.098,39.9,0
da23eb1e-f1d7-4c52-b7eb-6a3a4829c596,2026-08-10T22:28:45.759394Z,PM-42-EAST,4.85,3.67,2818,0.079,29.0,0
3455053c-1994-44c1-9585-f3d30bfe3984,2026-08-10T23:12:45.759394Z,PM-42-EAST,4.94,3.4,3159,0.086,20.6,0
e4f27d5c-fbad-44df-a468-270ef2f8a88a,2026-08-10T23:57:45.759394Z,PM-42-EAST,5.4,3.49,2836,0.109,37.2,0
785f8348-4467-4fa3-9022-3e5e6bdb359c,2026-08-11T00:13:45.759394Z,PM-42-EAST,4.91,3.32,2852,0.113,20.8,0
63944bf2-5a41-4fd3-bfac-bc7b8fb0ca04,2026-08-11T00:50:45.759394Z,PM-42-EAST,4.53,3.62,2940,0.111,23.4,0
a73fe539-6c92-4a27-82ee-cbfa47c9020a,2026-08-11T01:10:45.759394Z,PM-42-EAST,4.73,3.68,2834,0.076,38.2,0
20f497c8-f6be-4912-b53d-ac57f2a4b305,2026-08-11T01:29:45.759394Z,PM-42-EAST,4.88,3.24,2963,0.137,27.9,0
e0234eff-4243-4509-85a5-ee425f281e55,2026-08-11T02:09:45.759394Z,PM-42-EAST,4.93,3.13,3048,0.071,25.4,0
7a3805b9-a692-416c-9e2c-bc5cd38577ad,2026-08-11T02:23:45.759394Z,PM-42-EAST,5.4,3.52,2821,0.112,26.7,0
75b0b00b-20e7-490a-96f1-d8bb776dc33d,2026-08-11T02:32:45.759394Z,PM-42-EAST,4.96,3.32,3168,0.119,38.2,0
0af7d241-1841-42d7-b995-5f97dac7d100,2026-08-11T03:02:45.759394Z,PM-42-EAST,5.39,3.6,3196,0.108,34.5,0
db42ef57-3e7e-4f08-a710-61228f4a1657,2026-08-11T03:31:45.759394Z,PM-42-EAST,5.39,3.77,2851,0.087,17.6,0
e7fe78b4-0c5a-4271-9dd8-64aadbbed48c,2026-08-11T03:40:45.759394Z,PM-42-EAST,4.84,3.17,3177,0.075,22.6,0
4862863e-2a61-4480-8ca9-096cd573b5b5,2026-08-11T04:13:45.759394Z,PM-42-EAST,4.62,3.48,3055,0.083,36.7,0
256a1e1f-38e4-4f85-8cbf-76ffc580d252,2026-08-11T04:37:45.759394Z,PM-42-EAST,5.47,3.24,3018,0.073,16.9,0
486953aa-c193-47c4-b999-23e5a60e57e4,2026-08-11T05:09:45.759394Z,PM-42-EAST,4.84,3.35,2902,0.117,35.3,0
8d57c2d2-65fd-427e-9197-5ccc6b4beb22,2026-08-11T05:14:45.759394Z,PM-42-EAST,5.36,3.48,2928,0.139,28.1,0
71b774f8-f8d1-4861-865c-4838cd4d8e67,2026-08-11T06:10:45.759394Z,PM-42-EAST,4.58,3.1,2962,0.079,38.8,0
c31a08bc-7dc6-4164-bc55-23da35684bba,2026-08-11T06:57:45.759394Z,PM-42-EAST,4.77,3.16,3025,0.135,26.4,0
e40a44b9-b2b8-4c0c-b553-3e4a83cf22d2,2026-08-11T07:05:45.759394Z,PM-42-EAST,5.42,3.43,2854,0.089,24.5,0
c37570ed-6663-45c5-a894-30c27c27ae00,2026-08-11T07:13:45.759394Z,PM-42-EAST,4.52,3.17,3122,0.071,22.2,0
f5abe74e-08df-41e0-9b32-5c271fe73cd8,2026-08-11T07:41:45.759394Z,PM-42-EAST,5.15,3.02,2893,0.093,25.7,0
7a58209e-17f9-4816-a3ae-924497da7731,2026-08-11T08:27:45.759394Z,PM-42-EAST,5.29,3.27,2887,0.065,38.9,0
7759f4e4-b31b-49e7-919b-84f8d0d98930,2026-08-11T08:37:45.759394Z,PM-42-EAST,4.63,3.54,3049,0.101,25.7,0
2d929f5c-5375-45fd-b374-c95e061d7359,2026-08-11T09:00:45.759394Z,PM-42-EAST,5.08,3.23,2930,0.12,28.7,0
22052608-2c52-4db3-aa31-321e9bd3e843,2026-08-11T09:59:45.759394Z,PM-42-EAST,5.01,3.39,3089,0.067,19.8,0
51713195-0713-4375-86a6-90d3bca3c2c2,2026-08-11T10:23:45.759394Z,PM-42-EAST,5.41,3.43,2874,0.074,25.9,0
e4be79fe-b41e-4c09-b94f-ddba9ed446a4,2026-08-11T10:35:45.759394Z,PM-42-EAST,4.6,3.75,3083,0.144,31.7,0
0463b7bb-f56b-4b15-be12-383924c81536,2026-08-11T10:56:45.759394Z,PM-42-EAST,5.2,3.64,2993,0.059,30.7,0
09a02d57-c57a-48cc-9a6d-e60034e05035,2026-08-11T11:12:45.759394Z,PM-42-EAST,5.3,3.67,2818,0.13,33.6,0
9a57310b-d709-484b-b109-bd5fde48039e,2026-08-11T11:28:45.759394Z,PM-42-EAST,4.95,3.69,3018,0.148,19.9,0
8212133a-51eb-4e50-ac44-60718b9ea608,2026-08-11T12:19:45.759394Z,PM-42-EAST,5.37,3.49,3094,0.065,34.3,0
6daea0ef-0324-4fac-8872-434a995484f8,2026-08-11T12:47:45.759394Z,PM-42-EAST,4.59,3.72,2867,0.083,35.4,0
04758db3-61a3-4c07-8333-3738c1468503,2026-08-11T13:03:45.759394Z,PM-42-EAST,5.47,3.59,2922,0.101,16.5,0
cb386e2d-187a-4514-ae2a-4c62662e2c87,2026-08-11T13:23:45.759394Z,PM-42-EAST,4.79,3.69,3186,0.097,35.3,0
c1f5c02b-78e4-49d0-9bc4-0e293a31a580,2026-08-11T14:05:45.759394Z,PM-42-EAST,5.4,3.17,2833,0.086,20.0,0
d3a9b0df-1e6d-4663-a173-36e922a494b4,2026-08-11T15:02:45.759394Z,PM-42-EAST,5.18,3.5,3141,0.073,34.6,0
ed69c459-71d3-40e5-a4e2-062cec464c51,2026-08-11T15:30:45.759394Z,PM-42-EAST,5.05,3.35,2812,0.126,21.2,0
89a0d744-2a7b-4f47-b3cb-a57f0adc1a59,2026-08-11T16:08:45.759394Z,PM-42-EAST,4.7,3.46,3059,0.064,16.2,0
bdea38c2-4248-4d6e-b89d-ac4196c4d9a0,2026-08-11T16:14:45.759394Z,PM-42-EAST,5.74,3.92,3185,0.081,15.9,1
fbd87f83-dc85-4f83-84d6-8807059bdf85,2026-08-11T16:23:45.759394Z,PM-42-EAST,5.88,3.77,3143,0.198,23.7,1
f217584a-efdd-4433-af45-7f2febc20d4d,2026-08-11T17:13:45.759394Z,PM-42-EAST,6.13,4.03,3291,0.232,27.2,1
0fca2a4b-064e-45f3-ba60-85d2aea851b1,2026-08-11T17:27:45.759394Z,PM-42-EAST,6.15,4.3,3697,0.207,21.7,1
4ac3ce03-91f4-473f-90c2-4abc343cd47a,2026-08-11T17:37:45.759394Z,PM-42-EAST,6.82,4.56,3566,0.262,38.8,1
80098487-da53-4692-9282-d4842103601c,2026-08-11T17:45:45.759394Z,PM-42-EAST,7.06,4.55,3729,0.298,20.4,1
6693ee1e-a81e-4d57-896c-9798bc5c2479,2026-08-11T18:21:45.759394Z,PM-42-EAST,6.68,4.51,4181,0.251,38.7,1
2cf4a4a6-8a0c-49b7-9849-df02fa5f623f,2026-08-11T19:10:45.759394Z,PM-42-EAST,6.76,5.09,4232,0.312,35.3,1
21139769-471b-4029-be4f-a5ec62c884a5,2026-08-11T19:45:45.759394Z,PM-42-EAST,7.48,5.08,4215,0.353,15.8,1
f1067721-737e-45cc-ab4b-39077c9d41b2,2026-08-11T19:52:45.759394Z,PM-42-EAST,8.16,5.03,4535,0.392,17.8,1
2cb49436-2c8d-4679-9a3b-6c6b19705822,2026-08-11T20:16:45.759394Z,PM-42-EAST,7.96,5.48,4261,0.344,22.4,1
abcfcf36-2e26-4e7f-b5ed-f819c0170eb8,2026-08-11T21:13:45.759394Z,PM-42-EAST,5.39,3.11,2954,0.148,39.8,0
c5738f66-7224-42d9-82e0-09f113699b9a,2026-08-11T22:11:45.759394Z,PM-42-EAST,4.98,3.47,2899,0.075,28.4,0
0fb0d8ee-c94c-4107-b74c-0cb95f1a94aa,2026-08-11T22:58:45.759394Z,PM-42-EAST,4.58,3.66,2812,0.063,39.1,0
728bbe4e-83d1-44a2-8204-065882315318,2026-08-11T23:34:45.759394Z,PM-42-EAST,5.05,3.7,2981,0.132,38.4,0
2dc2a766-f8f7-47a8-80af-e65a5a0c7d1d,2026-08-11T23:44:45.759394Z,PM-42-EAST,4.6,3.14,3198,0.119,31.2,0
47a908a5-71ba-40f3-af7f-8c8a47b641d4,2026-08-12T00:20:45.759394Z,PM-42-EAST,4.74,3.32,3116,0.107,24.9,0
c56f98ee-2533-4517-8adf-8d5c5e454f6c,2026-08-12T01:04:45.759394Z,PM-42-EAST,5.22,3.06,2826,0.052,38.1,0
d2f57ce3-4070-4292-ba48-33ec9a241f90,2026-08-12T01:30:45.759394Z,PM-42-EAST,5.48,3.41,3182,0.09,16.9,0
7739f520-a78d-48b2-9fa4-bbae6cb1c2d9,2026-08-12T02:21:45.759394Z,PM-42-EAST,4.64,3.58,3170,0.1,18.8,0
6bcb0132-1ff8-4fdb-83a7-9d6f7fe91bef,2026-08-12T02:37:45.759394Z,PM-42-EAST,4.88,3.79,2883,0.099,21.0,0
74ba8414-7087-4b20-9586-84d3308b9f01,2026-08-12T03:04:45.759394Z,PM-42-EAST,5.04,3.13,2890,0.142,18.2,0
e52b1a7b-a2bd-486f-be0f-18338048767c,2026-08-12T03:23:45.759394Z,PM-42-EAST,4.79,3.7,3087,0.067,29.8,0
cff4e83b-b837-4481-a294-f7709360b15a,2026-08-12T03:51:45.759394Z,PM-42-EAST,4.98,3.57,2885,0.084,35.7,0
f29baa7a-6d5e-4260-892a-976f16c70d8d,2026-08-12T04:22:45.759394Z,PM-42-EAST,5.28,3.36,3067,0.051,32.3,0
58874443-fd69-44d6-afea-cd2c153de4b1,2026-08-12T04:55:45.759394Z,PM-42-EAST,5.18,3.02,3104,0.125,24.5,0
8866c868-256c-4ba4-86e5-e3f22f894a27,2026-08-12T05:14:45.759394Z,PM-42-EAST,5.23,3.27,2922,0.149,29.7,0
9e6d04f9-bf22-4e6a-a9f3-fa7bf15a6e8a,2026-08-12T05:41:45.759394Z,PM-42-EAST,4.78,3.44,3091,0.08,26.5,0
ec390599-e530-4ad2-b61b-fc31e47214d8,2026-08-12T06:32:45.759394Z,PM-42-EAST,4.82,3.67,3060,0.13,19.1,0
a991f80e-ae23-4956-b204-c77dafa57298,2026-08-12T07:26:45.759394Z,PM-42-EAST,5.3,3.1,3035,0.115,24.0,0
74793cd2-a57a-4f6a-9eaa-ae520997021b,2026-08-12T08:18:45.759394Z,PM-42-EAST,5.3,3.23,3013,0.14,17.1,0
ee4ed0c1-062e-405e-b5e4-72abf6d22620,2026-08-12T08:43:45.759394Z,PM-42-EAST,4.79,3.09,2989,0.053,24.5,0
510fe72c-a90a-4951-b4a2-b7ade225a334,2026-08-12T09:31:45.759394Z,PM-42-EAST,5.05,3.7,2845,0.107,20.8,0
422f27ff-de54-4eee-bce4-a108bad091d3,2026-08-12T10:21:45.759394Z,PM-42-EAST,5.09,3.62,2992,0.139,35.2,0
a8c18ad8-99f9-44fc-8d51-1260caba822e,2026-08-12T11:20:45.759394Z,PM-42-EAST,4.65,3.18,2874,0.109,33.2,0
09760882-8c98-4a89-ba2f-cb7960e502a2,2026-08-12T12:18:45.759394Z,PM-42-EAST,4.85,3.35,2867,0.111,30.7,0
cab48818-c964-45df-9024-5a03643e006c,2026-08-12T12:55:45.759394Z,PM-42-EAST,5.34,3.57,3155,0.098,23.7,0
7de4b1aa-717b-4d23-a5b3-365b4fb2a68c,2026-08-12T13:08:45.759394Z,PM-42-EAST,5.29,3.67,2803,0.105,37.4,0
e244b823-8dae-4121-8528-8f35a7ec3fb7,2026-08-12T13:33:45.759394Z,PM-42-EAST,5.13,3.29,3157,0.066,28.1,0
1bee2e1b-ba56-4dfe-b4ff-a1c1f96e0b0b,2026-08-12T14:08:45.759394Z,PM-42-EAST,4.91,3.19,2910,0.059,17.3,0
3f55d896-7718-44aa-9c3b-7aa33d3603ae,2026-08-12T14:23:45.759394Z,PM-42-EAST,4.64,3.22,2931,0.111,27.7,0
fd3198a9-b856-42e0-ab5f-5a9bc6c37528,2026-08-12T15:03:45.759394Z,PM-42-EAST,4.87,3.22,2967,0.078,24.5,0
dbfd1ddf-daf2-4f91-9f26-78078b87d28e,2026-08-12T15:29:45.759394Z,PM-42-EAST,5.01,3.67,2995,0.122,19.7,0
107bb10a-4d53-4da1-b2be-7a4e40e28a4b,2026-08-12T16:23:45.759394Z,PM-42-EAST,5.36,3.73,2915,0.128,25.4,0
6c86d6b1-b303-461f-949b-5c7748df12ba,2026-08-12T16:45:45.759394Z,PM-42-EAST,5.21,3.49,2916,0.124,30.7,0
3781aa5e-d0c8-4321-9979-dbad67de8f52,2026-08-12T17:16:45.759394Z,PM-42-EAST,4.62,3.29,3193,0.144,29.9,0
f238e9f0-e6fb-4e72-81dc-74f00d05c23b,2026-08-12T17:59:45.759394Z,PM-42-EAST,5.14,3.3,3143,0.09,36.4,0
459d76a5-f16d-468f-aae3-20b9261c8466,2026-08-12T18:39:45.759394Z,PM-42-EAST,4.66,3.03,3136,0.073,22.3,0
04e5627d-fa48-4af5-bf45-eca30cd4fa2b,2026-08-12T18:51:45.759394Z,PM-42-EAST,4.64,3.11,3123,0.094,22.2,0
5cb644f6-f923-49c1-92c9-40a21f6bdb6f,2026-08-12T19:28:45.759394Z,PM-42-EAST,5.25,3.5,2834,0.06,36.0,0
7ef987f4-f02e-458d-9ccc-7bfefa0c6b2a,2026-08-12T19:58:45.759394Z,PM-42-EAST,4.89,3.38,3052,0.135,39.8,0
8dbe67eb-e7f6-4b4c-9138-707971e415c1,2026-08-12T20:32:45.759394Z,PM-42-EAST,4.6,3.4,3114,0.108,17.8,0
24850a89-a20e-418e-9e97-f34741a65240,2026-08-12T21:31:45.759394Z,PM-42-EAST,4.83,3.31,2945,0.116,33.8,0
c056c3f3-2770-4e1e-b909-f2d4aec765f5,2026-08-12T22:06:45.759394Z,PM-42-EAST,5.1,3.74,3065,0.078,30.4,0
eb7e760e-da8b-41ce-b25f-c422c79ababd,2026-08-12T22:24:45.759394Z,PM-42-EAST,5.26,3.31,3092,0.091,23.6,0
47c091d4-91fb-4a4c-9645-7b3d47af7cf8,2026-08-12T22:51:45.759394Z,PM-42-EAST,4.95,3.2,2913,0.101,31.5,0
d3cc44b4-7efe-43be-97bb-f0255bc556e0,2026-08-12T23:47:45.759394Z,PM-42-EAST,4.86,3.67,3057,0.064,39.0,0
9b7edaf7-905f-4c90-83bf-7d8629728846,2026-08-13T00:17:45.759394Z,PM-42-EAST,5.41,3.16,3055,0.094,17.4,0
7eab40de-19f5-4b72-a461-38246c889618,2026-08-13T00:32:45.759394Z,PM-42-EAST,4.6,3.45,3119,0.085,32.9,0
dbd4d8b6-f194-4c96-badd-01666a6bb896,2026-08-13T01:05:45.759394Z,PM-42-EAST,5.24,3.63,2800,0.121,24.4,0
c19288f1-f7c2-4a7c-b364-4d9dbe81ed34,2026-08-13T01:52:45.759394Z,PM-42-EAST,4.9,3.63,3059,0.144,22.4,0
26d3a92b-43fa-4ed3-959a-2a3c1692b180,2026-08-13T02:15:45.759394Z,PM-42-EAST,5.31,3.0,3196,0.07,24.9,0
f517e18b-040f-4c59-85f0-0b50c05d6249,2026-08-13T02:59:45.759394Z,PM-42-EAST,4.52,3.37,3196,0.115,20.2,0
15c1e3de-e2a8-4876-8710-645f3bf97ef3,2026-08-13T03:40:45.759394Z,PM-42-EAST,5.14,3.42,2966,0.123,28.3,0
a2b8e0f5-a959-48dd-aaa3-2ec1cb9a4a26,2026-08-13T03:58:45.759394Z,PM-42-EAST,5.07,3.79,3140,0.099,36.0,0
55715a10-32e4-473f-8982-f26cc41d2423,2026-08-13T04:45:45.759394Z,PM-42-EAST,5.23,3.57,2982,0.064,33.1,0
66014e57-284b-48b0-b246-cd769f7fcfa9,2026-08-13T04:58:45.759394Z,PM-42-EAST,5.0,3.78,2910,0.097,24.2,0
b5fd4b82-8a07-4c0e-9be1-4e139864e965,2026-08-13T05:08:45.759394Z,PM-42-EAST,5.49,3.44,2840,0.075,34.6,0
5f2307ad-0946-4f41-b987-16292ef5d012,2026-08-13T05:30:45.759394Z,PM-42-EAST,4.78,3.48,3117,0.063,19.8,0
aeb51185-2167-459a-8a03-ad56428f50d9,2026-08-13T05:49:45.759394Z,PM-42-EAST,4.61,3.18,2971,0.097,20.9,0
37793f1f-7b92-486a-95e5-c3c9a34dfa5f,2026-08-13T06:40:45.759394Z,PM-42-EAST,5.24,3.42,2933,0.111,20.2,0
15b74e90-a26a-4c71-a8c2-925ab0d21c82,2026-08-13T06:56:45.759394Z,PM-42-EAST,4.71,3.71,2853,0.149,30.6,0
7bd7a8d6-1fca-4f51-afe9-1fc0141e76da,2026-08-13T07:21:45.759394Z,PM-42-EAST,4.66,3.6,3065,0.078,32.3,0
86e66310-4d3a-4195-a311-cbc94057676f,2026-08-13T07:33:45.759394Z,PM-42-EAST,5.41,3.68,3030,0.082,24.9,0
e42485cd-9c43-4535-834a-e116f5e37c21,2026-08-13T08:14:45.759394Z,PM-42-EAST,5.2,3.17,2903,0.112,36.3,0
3cb1ad8f-d138-47fa-9e45-8395134382d4,2026-08-13T09:10:45.759394Z,PM-42-EAST,5.21,3.16,2901,0.103,33.3,0
5432a035-0b2c-4f6c-91b0-5161eb66a045,2026-08-13T09:54:45.759394Z,PM-42-EAST,4.75,3.08,3152,0.057,33.7,0
53e9d86d-1065-4dd5-9e85-b299e1c6afdf,2026-08-13T10:02:45.759394Z,PM-42-EAST,5.07,3.71,2972,0.111,34.9,0
dfce2abf-1f59-4c38-85b9-9530d2950f33,2026-08-13T10:15:45.759394Z,PM-42-EAST,4.67,3.03,2974,0.146,25.2,0
8c529443-caa3-4668-aead-d77c97708344,2026-08-13T11:10:45.759394Z,PM-42-EAST,5.35,3.62,2950,0.145,22.2,0
6afbbebb-12ff-4d04-8ac6-83099ed435e9,2026-08-13T12:00:45.759394Z,PM-42-EAST,5.09,3.73,2958,0.129,37.9,0
c3a66a84-a61b-4a73-8bd0-fedb34705d31,2026-08-13T12:26:45.759394Z,PM-42-EAST,5.3,3.22,3193,0.138,26.3,0
1179488e-98ef-4e52-8675-adbd17bc7934,2026-08-13T13:19:45.759394Z,PM-42-EAST,4.98,3.69,3122,0.108,24.7,0
f702c664-3467-4acd-baf3-2f76ac065e30,2026-08-13T13:46:45.759394Z,PM-42-EAST,4.64,3.11,3154,0.061,34.5,0
e2306571-29ed-4aef-942f-90139a2a4a88,2026-08-13T14:00:45.759394Z,PM-42-EAST,5.27,3.78,2822,0.122,33.3,0
4fdfc632-6dae-4989-811d-74b85e07369b,2026-08-13T14:28:45.759394Z,PM-42-EAST,5.03,3.03,2864,0.123,36.1,0
e9adf696-987b-40be-acbe-26b4cf75ca39,2026-08-13T14:51:45.759394Z,PM-42-EAST,5.49,3.72,3043,0.148,30.4,0
7793898c-4292-4de1-8c6d-faa3f56005af,2026-08-13T15:29:45.759394Z,PM-42-EAST,4.98,3.24,2963,0.102,30.1,0
2cfa540f-bcb2-470e-853f-9aae23890c1e,2026-08-13T16:12:45.759394Z,PM-42-EAST,4.54,3.74,3052,0.1,23.6,0
646d4aea-01a4-4555-99e7-a34ad08b2aa0,2026-08-13T16:59:45.759394Z,PM-42-EAST,4.72,3.43,2927,0.086,30.8,0
2d6faee1-706b-43bc-863e-abe012c34dc3,2026-08-13T17:29:45.759394Z,PM-42-EAST,5.39,3.62,3110,0.064,23.9,0
86075f1f-85fc-4513-81c9-c2524d93b348,2026-08-13T18:11:45.759394Z,PM-42-EAST,4.59,3.07,3016,0.058,28.7,0
7cb6a355-2c7c-493e-a6bb-b5418e1378dc,2026-08-13T18:17:45.759394Z,PM-42-EAST,4.79,3.47,3123,0.09,21.2,0
c7bab68d-4d34-47f3-97df-13622d348473,2026-08-13T19:16:45.759394Z,PM-42-EAST,5.49,3.36,3064,0.114,22.9,0
76029b3c-aafe-479e-bf3e-a70b43a54cbf,2026-08-13T19:28:45.759394Z,PM-42-EAST,5.03,3.22,2833,0.096,35.4,0
a07a246f-6eae-4b20-b06d-b293bcb68e73,2026-08-13T20:02:45.759394Z,PM-42-EAST,4.79,3.05,3194,0.112,18.3,0
42003e61-4444-4c26-acf1-afd75d86b960,2026-08-13T20:22:45.759394Z,PM-42-EAST,5.32,3.48,2986,0.061,27.6,0
47a0c07f-a625-4c2e-a881-da8bfa7cfa28,2026-08-13T21:12:45.759394Z,PM-42-EAST,5.01,3.68,2995,0.142,29.7,0
227cab8b-7bb1-4ad1-b1b1-0bf269d5d33d,2026-08-13T21:46:45.759394Z,PM-42-EAST,5.36,3.49,3121,0.118,38.9,0
c7d5b2f8-f0fa-4375-b832-d3df9ed3bc89,2026-08-13T22:14:45.759394Z,PM-42-EAST,5.07,3.64,2849,0.08,15.3,0
7fba37e4-7eb7-4cc8-bfa0-026bdf0b7b5a,2026-08-13T23:02:45.759394Z,PM-42-EAST,5.02,3.75,3175,0.104,36.2,0
21f6562d-6766-4b75-ac18-c01c3f1bfb0f,2026-08-13T23:17:45.759394Z,PM-42-EAST,4.94,3.63,2883,0.146,25.2,0
6a6929fe-f3d9-45a3-8704-f3165323afb9,2026-08-14T00:10:45.759394Z,PM-42-EAST,4.87,3.2,2921,0.122,32.4,0
c7a65b2c-c188-4f4e-bfd0-86902ff2315b,2026-08-14T00:56:45.759394Z,PM-42-EAST,5.34,3.62,3026,0.087,26.2,0
0ffe12e0-5c4c-488b-8a22-15a87ffb713e,2026-08-14T01:50:45.759394Z,PM-42-EAST,4.9,3.55,2919,0.074,26.6,0
b7450f10-5d14-4271-bd25-7451837a6bc8,2026-08-14T01:56:45.759394Z,PM-42-EAST,4.8,3.02,3089,0.088,26.4,0
dd7f7fb9-d3da-4f33-8f84-262bc034d6f0,2026-08-14T02:17:45.759394Z,PM-42-EAST,4.89,3.66,3041,0.053,35.2,0
dd7c9264-e809-4d0f-9fde-ca71d82ef1dd,2026-08-14T02:48:45.759394Z,PM-42-EAST,5.19,3.3,2857,0.107,32.3,0
8c8e8dc8-f79e-4fbc-89bf-b1f97c46d95d,2026-08-14T03:22:45.759394Z,PM-42-EAST,4.58,3.52,2890,0.051,27.2,0
d99164da-8278-4a62-ad27-95a9d42cbd2f,2026-08-14T03:41:45.759394Z,PM-42-EAST,5.17,3.61,3125,0.07,20.9,0
8e0c8849-e61e-40c2-8e63-dc341610ac36,2026-08-14T03:56:45.759394Z,PM-42-EAST,5.14,3.44,3017,0.12,18.4,0
7b181b3e-2300-4441-90ea-891185cba43e,2026-08-14T04:33:45.759394Z,PM-42-EAST,5.22,3.16,3123,0.15,30.7,0
777a2b69-b9f1-4257-a1a3-44eb6ccf6e0a,2026-08-14T05:00:45.759394Z,PM-42-EAST,5.05,3.12,2831,0.059,15.9,0
25e34e62-86d9-4877-87b3-b8999c605476,2026-08-14T05:18:45.759394Z,PM-42-EAST,5.35,3.78,3031,0.123,35.2,0
4191b943-7bfd-4092-be77-cf1d33cdf560,2026-08-14T05:39:45.759394Z,PM-42-EAST,4.63,3.25,3164,0.104,31.1,0
f04fb83d-61b1-412c-998a-515f1b31a9ab,2026-08-14T05:54:45.759394Z,PM-42-EAST,4.89,3.03,3094,0.089,16.3,0
ddf63130-0a38-46b2-8a41-5c9933cba620,2026-08-14T06:39:45.759394Z,PM-42-EAST,4.99,3.06,2818,0.141,29.8,0
e28caf29-4704-4f05-a197-c6427f3d1f0d,2026-08-14T06:48:45.759394Z,PM-42-EAST,5.25,3.43,3169,0.085,29.0,0
eeba200c-d497-4eea-bec4-7e45034cb1b7,2026-08-14T07:45:45.759394Z,PM-42-EAST,4.94,3.11,3074,0.087,31.3,0
1a153656-53b8-4c0e-87a7-0f85f3ee5792,2026-08-14T08:03:45.759394Z,PM-42-EAST,5.15,3.4,2983,0.111,22.5,0
8436b5fe-5187-458e-af0a-37d4ff419273,2026-08-14T08:23:45.759394Z,PM-42-EAST,5.28,3.2,2985,0.097,24.4,0
42a0bf42-d570-4f92-a43e-c5588b7f6858,2026-08-14T08:35:45.759394Z,PM-42-EAST,5.01,3.7,3198,0.126,33.2,0
acdd077e-5990-480b-8a7c-68d2893aa274,2026-08-14T08:41:45.759394Z,PM-42-EAST,5.24,3.15,2887,0.057,36.8,0
cc65dc71-f810-44ed-9747-8ad60043cc4b,2026-08-14T09:23:45.759394Z,PM-42-EAST,5.4,3.72,2928,0.14,31.5,0
e7dfa8b1-290e-4719-bf9a-e194e22b7605,2026-08-14T09:33:45.759394Z,PM-42-EAST,4.94,3.44,3179,0.088,22.3,0
a79ad6a5-2001-47d8-9c9a-59b71e1205d5,2026-08-14T10:10:45.759394Z,PM-42-EAST,5.37,3.57,3115,0.063,36.2,0
8cf2d252-611b-4a13-9861-cc0403bce26c,2026-08-14T10:41:45.759394Z,PM-42-EAST,5.12,3.4,3027,0.118,25.5,0
05262740-499f-4b7f-ab06-74a144ced83e,2026-08-14T11:00:45.759394Z,PM-42-EAST,4.98,3.43,3114,0.138,33.8,0
db7e49eb-221a-4411-a746-9bc7d68f0d83,2026-08-14T11:07:45.759394Z,PM-42-EAST,4.62,3.69,3072,0.066,38.7,0
646ee785-7e2f-42ef-8c8b-b758ea5827f6,2026-08-14T11:38:45.759394Z,PM-42-EAST,5.25,3.0,2826,0.125,39.9,0
940e84ec-ebf7-487f-b14b-878e889e7ab8,2026-08-14T11:55:45.759394Z,PM-42-EAST,5.12,3.13,3019,0.095,26.1,0
46834ce6-2da9-44bc-915d-1b35accc227f,2026-08-14T12:42:45.759394Z,PM-42-EAST,5.02,3.13,2847,0.088,39.1,0
da072e27-16e1-431c-8153-3802e583c7bc,2026-08-14T13:28:45.759394Z,PM-42-EAST,4.7,3.23,2911,0.112,16.7,0
1baf7c64-0656-406b-83bf-c5d47e7495ff,2026-08-14T14:16:45.759394Z,PM-42-EAST,5.37,3.25,2809,0.066,18.8,0
782e29cb-e6ca-4ad7-9b68-be18d61db599,2026-08-14T15:03:45.759394Z,PM-42-EAST,4.7,3.66,3181,0.108,38.8,0
ad245363-dd19-450d-ac96-c6a0aa170190,2026-08-14T15:42:45.759394Z,PM-42-EAST,5.2,3.06,2844,0.082,36.8,0
5d06121f-d7c8-42b1-a941-ec4dbb41dc7c,2026-08-14T15:50:45.759394Z,PM-42-EAST,5.45,3.52,2805,0.103,21.5,0
3967eacd-60c2-4dce-ab2b-005516f17f9a,2026-08-14T16:23:45.759394Z,PM-42-EAST,5.32,3.24,3172,0.061,15.8,0
6d0e461a-3a2c-4816-aca2-8e30c4748d5d,2026-08-14T16:38:45.759394Z,PM-42-EAST,5.25,3.32,3024,0.058,18.5,0
4011d1bb-ae53-4bff-a8c8-a327d4c73a3b,2026-08-14T17:22:45.759394Z,PM-42-EAST,5.37,3.46,2945,0.148,30.4,0
e7ef17e4-7ba8-414c-a999-3dbe96fab11b,2026-08-14T18:15:45.759394Z,PM-42-EAST,5.17,3.52,2949,0.056,17.6,0
a2640f2a-d9f8-445d-b805-ff8d2a7db8e6,2026-08-14T18:49:45.759394Z,PM-42-EAST,4.56,3.11,2997,0.095,39.5,0
129f4cb6-6bc2-4ae6-b639-4c77b2a686eb,2026-08-14T19:41:45.759394Z,PM-42-EAST,4.74,3.54,3103,0.086,35.3,0
832f43e1-d63f-44a9-9366-9b1e0ae3845d,2026-08-14T20:03:45.759394Z,PM-42-EAST,5.3,3.42,3014,0.099,25.4,0
558fd99f-69c4-4d57-8e0d-c36639466047,2026-08-14T20:20:45.759394Z,PM-42-EAST,5.02,3.22,2828,0.076,19.4,0
02eae092-8d37-472e-9fd3-705a0a86450e,2026-08-14T21:02:45.759394Z,PM-42-EAST,4.64,3.51,2870,0.116,24.7,0
7871c4ca-8bdc-42c9-a9c0-67d7f6fae03b,2026-08-14T21:47:45.759394Z,PM-42-EAST,4.98,3.44,3107,0.058,24.5,0
22cea8f6-403c-48d9-9ee6-7aa941fb47a6,2026-08-14T21:52:45.759394Z,PM-42-EAST,4.85,3.0,2964,0.094,38.2,0
558036eb-ae00-4724-b3d9-7bc5a897339c,2026-08-14T22:11:45.759394Z,PM-42-EAST,5.4,3.01,3180,0.099,17.7,0
4f311b22-43de-4e75-b781-51b421eb30f8,2026-08-14T22:52:45.759394Z,PM-42-EAST,4.85,3.2,3056,0.068,23.4,0
ad03d5f1-29c9-43a7-baa4-2b6870a073c9,2026-08-14T23:02:45.759394Z,PM-42-EAST,5.28,3.74,3009,0.133,32.3,0
b389f61f-6563-40da-b3d5-c64f7dc3b5fc,2026-08-14T23:58:45.759394Z,PM-42-EAST,5.31,3.5,2947,0.142,28.4,0
bb52121a-2b9b-42b4-911f-b67e2c46d8b5,2026-08-15T00:38:45.759394Z,PM-42-EAST,4.77,3.03,3169,0.109,39.6,0
3617c8b3-d357-4175-8ceb-bbbb635059af,2026-08-15T01:25:45.759394Z,PM-42-EAST,4.72,3.58,3035,0.124,23.6,0
95b9e3e0-e1b4-4cbe-8504-803cdbb373a6,2026-08-15T02:01:45.759394Z,PM-42-EAST,5.16,3.18,3192,0.1,27.6,0
35243761-3878-41f6-b9b3-d1a92c52c41a,2026-08-15T02:40:45.759394Z,PM-42-EAST,5.12,3.5,3089,0.058,38.0,0
d1bea728-66bb-4ba0-8a09-6465a6662777,2026-08-15T02:59:45.759394Z,PM-42-EAST,4.51,3.5,2828,0.082,26.9,0
21477d7f-3ff8-4f16-98fb-ac7b1bb74e51,2026-08-15T03:19:45.759394Z,PM-42-EAST,4.98,3.71,3057,0.082,30.4,0
e3bef588-ef4f-4cb9-b061-0cb90d15d661,2026-08-15T04:12:45.759394Z,PM-42-EAST,5.41,3.7,3078,0.086,35.3,0
fe07af99-2e29-438b-8bb0-6d70e115db53,2026-08-15T04:29:45.759394Z,PM-42-EAST,5.45,3.29,3191,0.092,34.6,1
4bc4e574-611f-4716-a983-4e4d24f1a517,2026-08-15T04:54:45.759394Z,PM-42-EAST,5.26,3.67,3168,0.148,36.1,1
46f85302-3418-46c8-b8b9-74a43fe0e777,2026-08-15T05:30:45.759394Z,PM-42-EAST,6.25,3.94,3468,0.208,18.5,1
43a2e322-728e-40c5-b7c5-7392ae1bbcbe,2026-08-15T06:08:45.759394Z,PM-42-EAST,6.6,4.06,3620,0.218,21.4,1
6e93a26b-08b3-42d0-878d-bfdd1ca747e0,2026-08-15T06:54:45.759394Z,PM-42-EAST,6.41,4.26,3975,0.282,33.7,1
9a07ed1c-0538-4a61-947e-c2f175288838,2026-08-15T07:16:45.759394Z,PM-42-EAST,6.93,5.06,3922,0.257,29.6,1
c4d2073a-7b2d-4d2f-9198-3018ae44fab9,2026-08-15T07:24:45.759394Z,PM-42-EAST,7.27,4.72,4113,0.322,22.9,1
fc047715-e061-4283-9784-648fa53a2acd,2026-08-15T07:41:45.759394Z,PM-42-EAST,7.69,4.62,4266,0.341,21.4,1
ecfb5b8d-1f0b-4370-b2f7-608e3c41171d,2026-08-15T08:34:45.759394Z,PM-42-EAST,7.98,4.84,4515,0.375,34.4,1
016601b5-93f2-4d0a-a206-c214c31428a1,2026-08-15T08:47:45.759394Z,PM-42-EAST,7.62,5.78,4388,0.351,15.0,1
d63f2bc8-bc47-4abb-b890-81e87c2925d4,2026-08-15T09:35:45.759394Z,PM-42-EAST,5.08,3.23,2806,0.113,35.5,0
b6e9afdf-7100-4f01-9c3a-ea302e0f08bb,2026-08-15T09:59:45.759394Z,PM-42-EAST,5.35,3.74,3037,0.094,16.4,0
3ea60b1e-5182-401b-a650-6fca9a63d62e,2026-08-15T10:20:45.759394Z,PM-42-EAST,4.97,3.11,3153,0.143,39.4,0
cda23872-4858-4aa1-b49a-507a5f366090,2026-08-15T10:40:45.759394Z,PM-42-EAST,5.11,3.59,2978,0.13,38.8,0
64916b0a-3f23-49e0-9b1a-9ec340890652,2026-08-15T11:32:45.759394Z,PM-42-EAST,5.08,3.51,2934,0.148,29.7,0
3af05dee-d8d9-41d1-ae19-9c0af17482c9,2026-08-15T12:06:45.759394Z,PM-42-EAST,5.06,3.12,3033,0.14,19.0,0
60b96a3b-c793-4073-b3f9-a95bdb71cab4,2026-08-15T12:41:45.759394Z,PM-42-EAST,5.29,3.53,2921,0.103,29.6,0
e3f3efe7-8925-45ea-838e-a14c818a5ff9,2026-08-15T13:36:45.759394Z,PM-42-EAST,5.04,3.37,2933,0.142,15.4,0
2b561158-a319-4aaa-8c55-5bc286d46d14,2026-08-15T13:41:45.759394Z,PM-42-EAST,4.69,3.48,2898,0.107,16.5,0
639af270-f303-4cba-832a-041e8b472c58,2026-08-15T14:06:45.759394Z,PM-42-EAST,5.45,3.14,2986,0.05,26.8,0
9ec1b109-066f-4c19-85e9-d77e5cf994e4,2026-08-15T14:55:45.759394Z,PM-42-EAST,4.96,3.46,3017,0.092,22.2,1
927330d4-4e6f-444a-b6f4-0dc8f47056d0,2026-08-15T15:18:45.759394Z,PM-42-EAST,5.29,4.21,3414,0.204,28.4,1
a743a787-740d-4f32-aa7b-6b458d547f76,2026-08-15T15:39:45.759394Z,PM-42-EAST,5.66,3.79,3470,0.192,39.8,1
a6384a59-009e-441c-b562-5263d27d3ee6,2026-08-15T16:17:45.759394Z,PM-42-EAST,6.4,4.5,3564,0.18,18.4,1
70ac56e1-ac46-4f4e-a8c1-cbcc3f3bd4b5,2026-08-15T17:04:45.759394Z,PM-42-EAST,6.1,4.18,3885,0.23,20.4,1
561678cd-4fa5-4b54-afc8-5609e510380c,2026-08-15T18:02:45.759394Z,PM-42-EAST,6.22,4.5,3681,0.271,18.0,1
cb4bcd2c-ac6e-4bf3-a2e3-bac639f62671,2026-08-15T18:11:45.759394Z,PM-42-EAST,7.29,4.34,3915,0.29,25.4,1
8feadccd-9596-41f6-8ec4-19bd016bdc11,2026-08-15T18:42:45.759394Z,PM-42-EAST,6.71,4.63,4063,0.317,27.7,1
9c68808d-b19d-4443-8856-8e1c75060ea2,2026-08-15T18:49:45.759394Z,PM-42-EAST,7.4,4.74,4417,0.371,38.2,1
f15e7262-bebf-4bfa-b1c7-4a9b77bf773d,2026-08-15T18:54:45.759394Z,PM-42-EAST,8.0,4.99,4536,0.328,17.9,1
a433ea41-f6e8-497d-a5f2-116f9a31884b,2026-08-15T19:29:45.759394Z,PM-42-EAST,7.86,5.46,4458,0.441,32.7,1
2ad8d269-f6e0-447f-8e2e-5bc445b9058b,2026-08-15T19:49:45.759394Z,PM-42-EAST,4.72,3.77,3140,0.128,30.3,0
6454e41f-955d-48a4-8954-d84e2279cdf2,2026-08-15T20:23:45.759394Z,PM-42-EAST,5.08,3.27,3052,0.06,21.5,0
c3eadf6a-8a9d-4648-ae7d-e274bd8970b7,2026-08-15T20:44:45.759394Z,PM-42-EAST,4.53,3.62,3049,0.093,16.4,0
24be5beb-1cb5-45a4-8b53-ac5a3e497ce5,2026-08-15T21:13:45.759394Z,PM-42-EAST,4.9,3.44,2845,0.061,21.1,0
9513c8d6-8ae8-466f-b4a0-eaa4e82568b5,2026-08-15T22:06:45.759394Z,PM-42-EAST,4.65,3.25,2887,0.093,32.9,0
19ce4119-6848-4e29-8a49-c32ce7214694,2026-08-15T22:45:45.759394Z,PM-42-EAST,5.2,3.17,3088,0.093,22.7,0
9ba9c69f-a7d8-4595-bec6-3f93222cda10,2026-08-15T23:12:45.759394Z,PM-42-EAST,4.86,3.6,3125,0.097,35.8,0
8287e501-13f8-425e-b923-c76d2788098e,2026-08-15T23:48:45.759394Z,PM-42-EAST,4.55,3.64,2983,0.131,39.5,0
573e1529-c388-4ac2-89d8-b302cd31accd,2026-08-16T00:19:45.759394Z,PM-42-EAST,5.47,3.43,2862,0.106,38.0,0
6aac182f-781e-4f3a-8f81-92c471055fe4,2026-08-16T01:05:45.759394Z,PM-42-EAST,4.6,3.11,2811,0.124,16.9,0
e54abdf6-276e-4037-be80-519a594b1fa4,2026-08-16T01:32:45.759394Z,PM-42-EAST,5.25,3.19,2987,0.05,32.4,0
88b11442-76f4-43ff-a3ed-02f3c54ab2f4,2026-08-16T01:40:45.759394Z,PM-42-EAST,5.27,3.45,3193,0.095,34.2,0
4a3f6cf5-bea9-4aa8-a2ff-843ee7a17e7b,2026-08-16T01:49:45.759394Z,PM-42-EAST,4.7,3.8,2926,0.132,36.8,0
e39532b2-4926-4db1-b342-e83130bcccf8,2026-08-16T02:45:45.759394Z,PM-42-EAST,5.17,3.01,3146,0.116,21.3,0
517f2027-e491-4f44-a430-eded0c0105ef,2026-08-16T02:53:45.759394Z,PM-42-EAST,5.34,3.1,2948,0.11,28.9,0
d0c9f41b-0fb3-4bdd-8ef2-b71645ef8efc,2026-08-16T03:49:45.759394Z,PM-42-EAST,5.25,3.46,2939,0.143,22.1,0
b13afe4f-2de9-4d9a-bbe5-00d5a87fcfbe,2026-08-16T04:08:45.759394Z,PM-42-EAST,4.6,3.8,3066,0.112,26.7,0
42dbf80c-70c3-4160-a05c-b05690cc1a24,2026-08-16T04:14:45.759394Z,PM-42-EAST,5.41,3.67,3003,0.052,20.8,0
1e2bcd04-3387-48ce-b396-583892b5f89c,2026-08-16T04:22:45.759394Z,PM-42-EAST,5.17,3.08,2869,0.078,32.3,0
d9cc242a-0862-4e4f-be38-5ebcf75f4d77,2026-08-16T05:06:45.759394Z,PM-42-EAST,5.44,3.38,2897,0.121,33.3,0
8273bb6a-86d8-476e-ad6d-00dafbab48a7,2026-08-16T05:16:45.759394Z,PM-42-EAST,5.39,3.78,2920,0.099,23.3,0
61194f80-4465-4e2d-a1fe-207be4a39750,2026-08-16T05:25:45.759394Z,PM-42-EAST,5.16,3.62,3155,0.053,16.2,0
861e1188-40db-4a68-9509-e4840b9509a3,2026-08-16T05:40:45.759394Z,PM-42-EAST,4.94,3.16,2841,0.116,34.2,0
3ed02a3c-0c6f-4389-ade4-0119ec1ec661,2026-08-16T06:02:45.759394Z,PM-42-EAST,5.24,3.03,2891,0.125,25.7,0
653d71ac-f0e7-4932-9c96-9dd6bdd66ef8,2026-08-16T06:37:45.759394Z,PM-42-EAST,4.66,3.09,3039,0.066,19.7,0
9515b85a-ebf0-4354-9d68-dad20403e553,2026-08-16T07:19:45.759394Z,PM-42-EAST,4.73,3.59,3168,0.077,25.8,0
97396668-0046-47bb-856d-ba85fa3fc9d2,2026-08-16T07:50:45.759394Z,PM-42-EAST,4.85,3.28,3073,0.084,31.0,0
359c4ae6-574a-400c-9298-489672f1711f,2026-08-16T08:12:45.759394Z,PM-42-EAST,4.57,3.59,2803,0.114,16.2,0
eccea084-cc65-41df-9157-bb4ef9c7f627,2026-08-16T08:28:45.759394Z,PM-42-EAST,5.47,3.22,2875,0.071,22.7,0
38d9edf0-d0e2-45e7-8981-8dc3bec83bc0,2026-08-16T09:05:45.759394Z,PM-42-EAST,5.43,3.33,2982,0.06,37.1,0
121383df-6ee4-4614-8666-1c03bd23730d,2026-08-16T10:01:45.759394Z,PM-42-EAST,5.4,3.15,2917,0.118,20.7,0
bc1bc973-bc35-4c08-9bcb-2a5c54169e3f,2026-08-16T10:26:45.759394Z,PM-42-EAST,5.33,3.15,2817,0.134,25.5,0
fe3e6645-1a6f-4f96-95c9-77d0f1a19da7,2026-08-16T10:52:45.759394Z,PM-42-EAST,4.64,3.11,2955,0.145,36.8,0
f25d3004-2852-40e0-a3eb-9c8d45bd2b3d,2026-08-16T11:50:45.759394Z,PM-42-EAST,5.08,3.12,3118,0.091,37.0,0
c499241e-8a56-49c0-abc0-cffa56ee0dee,2026-08-16T12:24:45.759394Z,PM-42-EAST,5.06,3.08,2982,0.055,24.9,0
f88b78ce-fcab-4abc-a6a3-5e2386e92f41,2026-08-16T13:05:45.759394Z,PM-42-EAST,5.19,3.03,2930,0.112,15.9,0
0fe93d9a-90f1-4ed7-9b11-8e66cf5ea44f,2026-08-16T13:39:45.759394Z,PM-42-EAST,4.95,3.69,2855,0.08,20.0,0
56dac2bc-9b1b-4d39-ba38-5b191167985b,2026-08-16T14:24:45.759394Z,PM-42-EAST,4.75,3.19,2823,0.094,27.9,0
b2334073-8879-470b-8f93-445f5af5bb77,2026-08-16T14:43:45.759394Z,PM-42-EAST,4.94,3.16,2817,0.086,36.0,0
8cfcf4a2-01aa-4b7b-974d-2ad404cf48c9,2026-08-16T15:37:45.759394Z,PM-42-EAST,5.24,3.67,2839,0.147,25.1,0
36c067e5-326e-432d-a2ef-a65e40cf28a1,2026-08-16T16:09:45.759394Z,PM-42-EAST,4.63,3.75,2871,0.135,27.7,0
418a4012-24ca-4417-a042-08e21829ebbc,2026-08-16T16:21:45.759394Z,PM-42-EAST,4.57,3.73,2945,0.129,38.3,0
546d544e-0b98-45c9-8f66-99a4b6738db9,2026-08-16T16:47:45.759394Z,PM-42-EAST,4.87,3.25,2863,0.056,32.8,0
7ea46ac6-8e7e-4272-ace4-f5da43dd055e,2026-08-16T17:24:45.759394Z,PM-42-EAST,4.98,3.65,3120,0.082,15.3,0
8b18d3de-0c22-455c-a92b-19f965928509,2026-08-16T17:38:45.759394Z,PM-42-EAST,4.92,3.49,2996,0.064,21.4,0
3bdfad0d-1a2a-4cf9-b7bc-dec99814a05b,2026-08-16T18:33:45.759394Z,PM-42-EAST,4.86,3.21,3035,0.075,31.8,0
ef579a4b-aa81-4b73-a898-3eb001677235,2026-08-16T18:48:45.759394Z,PM-42-EAST,5.08,3.55,2942,0.091,15.1,0
58497fc1-a849-4d47-9e11-558849af28a0,2026-08-16T19:44:45.759394Z,PM-42-EAST,5.22,3.39,2876,0.095,36.5,0
c827315d-dfd6-4024-be80-1171edb524c5,2026-08-16T20:41:45.759394Z,PM-42-EAST,5.06,3.08,3004,0.128,19.5,0
2ce9a6aa-6fd1-4a53-a5ef-a66f9d4b7408,2026-08-16T20:59:45.759394Z,PM-42-EAST,5.07,3.52,3065,0.135,35.5,0
98938763-c315-4a5d-bd50-92c4c7dcde16,2026-08-16T21:46:45.759394Z,PM-42-EAST,4.84,3.27,3337,0.087,26.0,1
c88a7005-f020-4b43-af58-08b95d300eff,2026-08-16T22:36:45.759394Z,PM-42-EAST,5.33,3.54,3108,0.188,24.5,1
854b8381-cf04-4bab-9f54-13776bd793ca,2026-08-16T23:06:45.759394Z,PM-42-EAST,5.75,3.76,3257,0.181,16.6,1
f98d4352-5041-4dfa-82ec-da5dc071f01e,2026-08-16T23:52:45.759394Z,PM-42-EAST,6.55,4.21,3732,0.264,21.8,1
e5041f42-bdad-4c6e-ba70-25b488275478,2026-08-17T00:42:45.759394Z,PM-42-EAST,6.67,4.29,3717,0.232,34.6,1
ea8dae95-e97c-4238-a8f7-6a410636f32e,2026-08-17T01:22:45.759394Z,PM-42-EAST,6.55,4.63,3942,0.301,25.5,1
32a55663-7e9d-43c0-b04c-bb619f976d21,2026-08-17T01:46:45.759394Z,PM-42-EAST,6.79,4.92,3930,0.302,25.4,1
d99ba87f-9afd-462f-82ad-88879a5dbc54,2026-08-17T02:09:45.759394Z,PM-42-EAST,7.85,5.0,4387,0.318,19.9,1
8c70ae5e-abe2-4f7e-b212-c055faed8ad1,2026-08-17T02:16:45.759394Z,PM-42-EAST,7.68,5.65,4301,0.434,17.3,1
461068da-b1c5-46a5-9bcf-a30dcc1652f5,2026-08-17T03:11:45.759394Z,PM-42-EAST,5.13,3.74,3172,0.149,37.5,0
676ba2f0-ac55-4d1c-81a6-89c55b5867d5,2026-08-17T03:32:45.759394Z,PM-42-EAST,5.41,3.41,2918,0.141,17.6,0
5c1702cc-7202-4377-92aa-c64531eb9d65,2026-08-17T04:30:45.759394Z,PM-42-EAST,4.91,3.46,2845,0.063,25.3,0
0bf057b0-a055-4a80-b408-1dba07eb43a5,2026-08-17T04:36:45.759394Z,PM-42-EAST,4.7,3.05,2836,0.114,37.7,0
0a6d11a6-1401-411f-8c2c-b89be8aabac6,2026-08-17T04:52:45.759394Z,PM-42-EAST,5.2,3.58,3044,0.093,30.9,0
081a8f30-e9f8-478a-a1ce-182792dbbd61,2026-08-17T04:59:45.759394Z,PM-42-EAST,5.01,3.24,3004,0.107,17.7,0
c9fa41f5-6f30-4b72-9193-dc5df47810ec,2026-08-17T05:08:45.759394Z,PM-42-EAST,5.03,3.79,2917,0.096,25.1,0
11f95c1d-c8c6-44aa-a3de-86e00a8f4b6c,2026-08-17T05:59:45.759394Z,PM-42-EAST,5.22,3.64,2877,0.127,30.9,0
2891470b-febf-4923-8428-bedbbc585301,2026-08-17T06:46:45.759394Z,PM-42-EAST,4.7,3.48,2934,0.135,33.3,0
baa8d6d7-b7a4-4bb4-8052-efa5df717c2c,2026-08-17T07:09:45.759394Z,PM-42-EAST,5.37,3.47,2816,0.098,31.4,0
c95611f0-ad8e-4314-bd01-920979074096,2026-08-17T07:55:45.759394Z,PM-42-EAST,5.28,3.43,3191,0.179,39.2,1
ba9bb92f-a505-4b07-bfb7-0e77657a7b21,2026-08-17T08:30:45.759394Z,PM-42-EAST,5.51,3.57,3401,0.135,36.4,1
1d6ffcf2-57cb-4ae2-bbde-f46102164302,2026-08-17T08:59:45.759394Z,PM-42-EAST,5.95,4.2,3517,0.169,38.9,1
490cfce0-2d7b-4f1f-a94c-b64ae961d5d8,2026-08-17T09:40:45.759394Z,PM-42-EAST,6.49,4.53,3470,0.177,37.2,1
0163ca62-2ee7-4ab5-85fc-cdba76c57e79,2026-08-17T09:57:45.759394Z,PM-42-EAST,6.34,4.44,3606,0.262,21.9,1
c4d08019-bc27-43ad-acc1-0b334b25952f,2026-08-17T10:18:45.759394Z,PM-42-EAST,6.42,4.55,3877,0.253,21.7,1
2fa135b3-d1c0-470b-8120-b8cc48bb8def,2026-08-17T11:01:45.759394Z,PM-42-EAST,7.28,4.45,4156,0.315,16.3,1
7e56c2cc-268e-4b59-910a-10d998c794bb,2026-08-17T11:29:45.759394Z,PM-42-EAST,7.06,5.13,4127,0.37,23.0,1
0efe20a8-7aa3-4882-9bd1-4857fdc08b7d,2026-08-17T11:56:45.759394Z,PM-42-EAST,7.3,5.53,4319,0.404,20.7,1
473df6d3-fb5f-47a7-9ff1-9b0293e0d70e,2026-08-17T12:43:45.759394Z,PM-42-EAST,7.68,5.3,4551,0.383,36.4,1
99b404da-8240-4218-99e8-2ed69a2a9038,2026-08-17T13:40:45.759394Z,PM-42-EAST,5.35,3.32,3061,0.052,23.1,0
8b031196-10e9-46af-a5c4-c83a13871798,2026-08-17T14:31:45.759394Z,PM-42-EAST,5.35,3.34,3242,0.18,22.5,1
d4ed465a-fdb8-439a-be11-7dfd5e49a7eb,2026-08-17T15:21:45.759394Z,PM-42-EAST,5.84,3.46,3398,0.147,16.0,1
6f6eba7c-b019-4af5-9fda-add2b6fafb79,2026-08-17T15:38:45.759394Z,PM-42-EAST,6.23,4.3,3557,0.189,23.9,1
c3fa3085-123f-4b71-873d-862a281a9309,2026-08-17T16:27:45.759394Z,PM-42-EAST,5.8,4.24,3572,0.171,38.9,1
1302191b-9566-4d37-95a4-9f710766650e,2026-08-17T16:37:45.759394Z,PM-42-EAST,6.41,4.01,3783,0.221,38.2,1
7febe024-ffe3-4a82-83b9-4843e8602105,2026-08-17T17:01:45.759394Z,PM-42-EAST,6.43,4.59,3808,0.253,30.5,1
eb60c518-e64e-4dca-b6dd-bd1d9b00d9dd,2026-08-17T17:26:45.759394Z,PM-42-EAST,6.79,4.85,4069,0.325,34.9,1
02ccc7ff-ce5a-4ae6-97d2-99ebb72f306d,2026-08-17T18:04:45.759394Z,PM-42-EAST,7.16,4.58,4173,0.291,32.0,1
ad368c4b-c608-4194-b6e6-a14a76ad51e1,2026-08-17T18:46:45.759394Z,PM-42-EAST,7.02,4.88,4154,0.328,24.3,1
6aa4d863-942c-4dd3-ae13-fe93f8784498,2026-08-17T19:19:45.759394Z,PM-42-EAST,7.49,5.4,4344,0.379,28.2,1
34eca87c-ae17-4339-ae4d-1874230b2abb,2026-08-17T20:05:45.759394Z,PM-42-EAST,7.5,5.15,4425,0.398,38.9,1
9ebbf3c4-0c5b-4f25-9884-353b88634ac0,2026-08-17T20:37:45.759394Z,PM-42-EAST,5.45,3.5,3035,0.084,32.8,0
7abb4f34-1226-42be-80d0-d25ca56cba17,2026-08-17T21:25:45.759394Z,PM-42-EAST,5.06,3.45,3082,0.13,28.9,0
cc99434c-5e7a-4700-a2e1-8b4aca3ea775,2026-08-17T22:05:45.759394Z,PM-42-EAST,4.52,3.63,3083,0.059,22.9,0
7d877623-c613-46e1-8cd0-9e51ebd6bdec,2026-08-17T22:44:45.759394Z,PM-42-EAST,5.4,3.79,2947,0.075,22.6,0
cb71e7fb-8b8d-4ee3-a630-ee45e1f65804,2026-08-17T23:14:45.759394Z,PM-42-EAST,4.88,3.35,2859,0.103,35.8,0
e5f803f7-bf62-4851-9de5-74fc74e11a3d,2026-08-18T00:09:45.759394Z,PM-42-EAST,4.96,3.06,3050,0.105,36.3,0
2dc40b49-5341-40ad-bd03-3b6211868785,2026-08-18T00:50:45.759394Z,PM-42-EAST,4.85,3.39,2883,0.138,20.2,0
42fbfd2d-168a-42be-bd00-f7ea2ed0b0a9,2026-08-18T01:42:45.759394Z,PM-42-EAST,5.46,3.8,2912,0.122,22.4,0
da048943-934d-41fd-82ed-732a3e8ec25a,2026-08-18T02:21:45.759394Z,PM-42-EAST,4.67,3.03,3036,0.108,15.2,0
9801ad84-2c6c-4c6e-a9d4-81c1284332b1,2026-08-18T03:03:45.759394Z,PM-42-EAST,5.07,3.45,3033,0.115,38.1,0
2af12664-09fa-49f9-961e-de531fa292a4,2026-08-18T03:22:45.759394Z,PM-42-EAST,5.03,3.48,2967,0.081,21.1,0
9678fee6-5512-449d-934a-3a04dee98cf8,2026-08-18T03:29:45.759394Z,PM-42-EAST,5.06,3.28,3039,0.08,22.6,0
2f0eb85f-a554-4b78-a4ae-48858315a1a4,2026-08-18T04:04:45.759394Z,PM-42-EAST,5.05,3.78,2968,0.132,25.0,0
6b4ba9b2-7445-4d6a-9ff8-6c1f5b7dc350,2026-08-18T04:10:45.759394Z,PM-42-EAST,4.78,3.63,2952,0.105,18.3,0
cbe4eb4f-b7ff-4017-8517-fb22d846c0fc,2026-08-18T04:33:45.759394Z,PM-42-EAST,4.94,3.46,3112,0.11,30.8,0
33cb8609-f78e-4704-9d16-0403529f47fb,2026-08-18T05:18:45.759394Z,PM-42-EAST,4.62,3.51,3185,0.126,25.8,0
b88590ab-1253-4f54-88d6-adb325de039d,2026-08-18T06:06:45.759394Z,PM-42-EAST,4.88,3.3,2819,0.078,16.4,0
d54646bc-06aa-40c2-8a48-22abb4631f96,2026-08-18T06:32:45.759394Z,PM-42-EAST,4.53,3.36,3082,0.139,27.6,0
2cb9b01e-998a-491e-8a36-9f1da02c0207,2026-08-18T06:48:45.759394Z,PM-42-EAST,4.95,3.28,2844,0.096,28.3,0
105791db-d768-4bd1-a8b9-44db9371280d,2026-08-18T07:19:45.759394Z,PM-42-EAST,5.03,3.72,2879,0.086,35.5,0
4fc9b9ae-1851-443c-b666-c511b4192bdc,2026-08-18T07:40:45.759394Z,PM-42-EAST,4.61,3.5,2945,0.071,30.4,0
c3b963aa-63db-4eca-93c7-f9b91e6e0a46,2026-08-18T08:03:45.759394Z,PM-42-EAST,5.29,3.26,3150,0.127,30.1,0
ed473296-c167-498e-82c6-3b716e75ad7b,2026-08-18T08:58:45.759394Z,PM-42-EAST,5.13,3.68,3032,0.118,37.1,0
309707c4-a44b-43f8-93c5-d5693f17c1c9,2026-08-18T09:39:45.759394Z,PM-42-EAST,5.28,3.35,2922,0.054,15.6,0
57a4d10a-e80e-4da4-8a7f-2f6faad72bae,2026-08-18T09:45:45.759394Z,PM-42-EAST,4.6,3.19,2902,0.127,32.7,0
42f922d7-451c-4bfc-872f-f309485b9e30,2026-08-18T10:39:45.759394Z,PM-42-EAST,5.0,3.19,3078,0.145,22.4,0
49855494-25cd-458e-b698-1f076dae0d61,2026-08-18T11:06:45.759394Z,PM-42-EAST,4.99,3.18,2941,0.073,38.9,0
dc56031c-f90c-45b0-97b9-d2c7ad76b0f1,2026-08-18T11:23:45.759394Z,PM-42-EAST,5.22,3.76,2914,0.106,18.8,0
e0cc957d-bf97-4e72-a332-ba8660be6492,2026-08-18T11:34:45.759394Z,PM-42-EAST,5.26,3.47,3086,0.14,23.3,0
7231368c-ff87-4bfb-9378-d211607cb44a,2026-08-18T12:28:45.759394Z,PM-42-EAST,5.31,3.7,2916,0.14,31.4,0
b3ff8489-18bf-4be0-954f-53f0dbbe34d5,2026-08-18T13:11:45.759394Z,PM-42-EAST,5.14,3.64,2853,0.074,34.5,0
18239c5b-9cb4-4b60-b045-ee0ead39c288,2026-08-18T14:00:45.759394Z,PM-42-EAST,5.24,3.05,3190,0.104,32.2,0
14e0cda1-7341-4c4b-bcb9-10f4438800e2,2026-08-18T14:48:45.759394Z,PM-42-EAST,4.86,3.45,3021,0.134,39.7,0
fdc54ab6-9298-42e3-a4fc-564d0f8081b0,2026-08-18T15:34:45.759394Z,PM-42-EAST,4.95,3.4,2980,0.121,22.5,0
03a52c36-98ab-413f-9a1f-51bec0c10e72,2026-08-18T15:57:45.759394Z,PM-42-EAST,5.43,3.35,2821,0.135,21.4,0
ddb4cd73-9fee-4690-a442-5325ca00b696,2026-08-18T16:20:45.759394Z,PM-42-EAST,4.92,3.2,2990,0.078,36.8,0
9bf8ef50-1cd0-4cee-ac1b-a1c80789e243,2026-08-18T16:49:45.759394Z,PM-42-EAST,5.33,3.25,2992,0.087,21.7,0
731dc061-3a79-452e-8697-78d28c09d856,2026-08-18T16:55:45.759394Z,PM-42-EAST,4.55,3.59,2885,0.141,17.7,0
c774dc93-c3d3-4e1d-9f8e-679b29d0a0e9,2026-08-18T17:35:45.759394Z,PM-42-EAST,4.82,3.54,3095,0.079,33.1,0
6af65ff9-05f3-4b6a-b3f7-70eff5140d01,2026-08-18T18:20:45.759394Z,PM-42-EAST,5.37,3.23,2908,0.087,18.1,0
71bbded5-0e5d-43eb-892a-77efc05f0e78,2026-08-18T19:00:45.759394Z,PM-42-EAST,4.97,3.69,3130,0.138,24.8,0
620f7ad0-40ed-4082-8739-82195265bbcb,2026-08-18T19:48:45.759394Z,PM-42-EAST,4.84,3.21,2915,0.137,31.5,0
ce1239f5-f219-40b1-9c76-ac59047f45e2,2026-08-18T20:05:45.759394Z,PM-42-EAST,4.69,3.58,3086,0.065,26.8,0
f2607d64-22df-4411-a44a-26d0bc911193,2026-08-18T20:32:45.759394Z,PM-42-EAST,4.53,3.34,3000,0.101,36.3,0
debb7db3-835b-4a71-90db-db70b6756e89,2026-08-18T21:01:45.759394Z,PM-42-EAST,4.77,3.72,2971,0.072,22.2,0
1072db62-a936-476f-805c-38c20c3306b2,2026-08-18T21:48:45.759394Z,PM-42-EAST,5.19,3.04,3059,0.078,25.1,0
34e71f7b-abe1-4acb-b0f5-9b12414593d0,2026-08-18T22:40:45.759394Z,PM-42-EAST,4.65,3.62,3174,0.135,36.8,0
648850a7-d0e8-4039-9586-a3c83bf8c503,2026-08-18T23:39:45.759394Z,PM-42-EAST,4.57,3.41,2838,0.114,26.6,0
b4d9564c-3f2c-4534-a3ff-16630c1c8493,2026-08-19T00:04:45.759394Z,PM-42-EAST,5.04,3.6,3061,0.119,35.2,0
0edfe47c-e3c6-4a55-8b8b-23c5f01d7ab7,2026-08-19T00:28:45.759394Z,PM-42-EAST,5.23,3.1,3114,0.099,32.4,0
5e49f26d-8155-443c-9c5d-fbd0f0f29e8f,2026-08-19T01:07:45.759394Z,PM-42-EAST,5.0,3.58,3073,0.101,28.9,0
dd2eda3e-5551-43e0-aa5c-a3ad33cff086,2026-08-19T01:31:45.759394Z,PM-42-EAST,4.7,3.16,3005,0.091,21.9,0
202f13b4-9f45-4a24-94ce-7e0e51dea1e0,2026-08-19T01:59:45.759394Z,PM-42-EAST,4.77,3.41,2963,0.063,15.2,0
b7119d23-7858-476d-85a4-e42e161f0530,2026-08-19T02:20:45.759394Z,PM-42-EAST,4.6,3.49,2992,0.072,19.6,0
c911863f-4b9f-4814-bb1d-05cd3ee36fcc,2026-08-19T03:13:45.759394Z,PM-42-EAST,5.12,3.19,2910,0.059,37.7,0
6b435fb5-01bb-4aa0-a69c-615ee7c73f62,2026-08-19T03:40:45.759394Z,PM-42-EAST,4.6,3.69,2853,0.086,34.7,0
ffaee10b-c2e1-453d-933e-895cd274c901,2026-08-19T03:48:45.759394Z,PM-42-EAST,5.2,3.41,2913,0.11,28.7,0
41b4d001-575d-44ad-b13e-c1e61ae9d041,2026-08-19T04:44:45.759394Z,PM-42-EAST,5.26,3.34,3042,0.1,15.2,0
7fd99316-33ff-4868-905b-59ab74042c20,2026-08-19T05:03:45.759394Z,PM-42-EAST,4.95,3.28,3035,0.148,18.7,0
24e9f793-f2d6-4156-b0af-136c6a74c7f6,2026-08-19T05:51:45.759394Z,PM-42-EAST,5.11,3.24,3028,0.096,26.0,0
bd244ab7-d794-437f-92e1-f0cbe778ad3e,2026-08-19T06:40:45.759394Z,PM-42-EAST,4.92,3.63,3144,0.06,20.7,0
6c426a6b-4d81-4d19-9335-32d9118ff3c6,2026-08-19T07:22:45.759394Z,PM-42-EAST,4.71,3.12,2902,0.078,29.6,0
dcff9026-f648-466f-8a35-b8327b4867c4,2026-08-19T07:53:45.759394Z,PM-42-EAST,4.71,3.51,2885,0.072,39.8,0
254d0b7d-a1ab-4df8-b90e-87cbe30fc588,2026-08-19T08:27:45.759394Z,PM-42-EAST,5.17,3.51,3180,0.101,29.1,0
c4093a87-b67b-4313-99b1-90670b793ef3,2026-08-19T08:54:45.759394Z,PM-42-EAST,4.59,3.51,3187,0.079,36.2,0
aa5915f7-c8d9-4af4-b573-993df2958a93,2026-08-19T09:07:45.759394Z,PM-42-EAST,5.01,3.75,3156,0.087,34.4,0
85cf7b52-95de-48e8-9329-88b6e5732a92,2026-08-19T09:15:45.759394Z,PM-42-EAST,4.55,3.04,2909,0.142,29.1,0
9a4a5c6e-2a5f-46ae-b4ff-8d5c29dd0343,2026-08-19T10:06:45.759394Z,PM-42-EAST,5.04,3.72,3134,0.126,35.9,0
b1e203fe-a38a-4f62-a079-9eaae6b864f5,2026-08-19T10:14:45.759394Z,PM-42-EAST,4.97,3.11,3022,0.109,31.3,0
f056009a-fd8a-432d-931f-c347d7085f6f,2026-08-19T11:06:45.759394Z,PM-42-EAST,4.7,3.09,3193,0.082,27.8,0
b8901628-52f8-4b8f-9f0b-7c0840485247,2026-08-19T11:23:45.759394Z,PM-42-EAST,5.38,3.36,3154,0.076,33.1,0
19272747-7dc0-4fbb-86ba-77477f9bbad9,2026-08-19T11:50:45.759394Z,PM-42-EAST,5.4,3.69,3116,0.122,25.0,0
8c3fabc4-21e5-45a4-8870-b48454a3edb7,2026-08-19T12:05:45.759394Z,PM-42-EAST,4.66,3.09,2839,0.118,30.7,0
b24866c4-f59a-4158-b721-e8c3ef2f177e,2026-08-19T12:21:45.759394Z,PM-42-EAST,5.42,3.23,3107,0.09,23.3,0
6da79497-7951-47fa-9698-38e3ee659dbe,2026-08-19T13:21:45.759394Z,PM-42-EAST,5.19,3.22,3159,0.071,20.9,0
9703b5dc-0cd7-4725-a28e-cd7c67db197a,2026-08-19T13:46:45.759394Z,PM-42-EAST,5.13,3.52,3197,0.138,30.4,0
c81b75aa-b8e4-487b-a935-1edd24dfc83c,2026-08-19T14:21:45.759394Z,PM-42-EAST,5.21,3.29,2839,0.097,35.4,0
eaf5b2e0-aba9-4e05-953d-41d11a8e87e1,2026-08-19T14:37:45.759394Z,PM-42-EAST,5.39,3.35,2966,0.123,37.6,0
a33e8130-d0e3-450d-995b-13783b997985,2026-08-19T15:03:45.759394Z,PM-42-EAST,5.1,3.02,3098,0.056,26.9,0
b67fdf43-6965-4751-90dc-e4cdc8a29904,2026-08-19T15:23:45.759394Z,PM-42-EAST,5.01,3.29,3053,0.06,26.8,0
0894ad4b-07cc-4368-8139-3842e458a3b2,2026-08-19T16:07:45.759394Z,PM-42-EAST,4.71,3.64,2946,0.085,37.2,0
0073b81e-32d1-4a58-8478-c20e278fd4a6,2026-08-19T16:33:45.759394Z,PM-42-EAST,5.43,3.68,3176,0.144,18.3,0
44166e5b-42ad-4a76-b45a-8d72638ed885,2026-08-19T16:43:45.759394Z,PM-42-EAST,5.09,3.09,3004,0.138,16.1,0
2da755ac-ec6a-4338-9e2b-c5c26ed15140,2026-08-19T17:14:45.759394Z,PM-42-EAST,4.59,3.44,3182,0.089,19.0,0
3af00411-ad1f-48c4-9ce0-dfcdfbba8183,2026-08-19T17:20:45.759394Z,PM-42-EAST,4.69,3.54,3012,0.143,17.9,0
0bb8c27b-d1fe-4991-86bd-43e62ef6e21a,2026-08-19T17:55:45.759394Z,PM-42-EAST,4.78,3.76,2862,0.08,36.5,0
ba58a40b-d590-4f9a-8018-238bc0aa5e66,2026-08-19T18:26:45.759394Z,PM-42-EAST,4.67,3.72,3027,0.108,26.8,0
325fb051-aa54-483e-a304-7b66424f04a3,2026-08-19T18:43:45.759394Z,PM-42-EAST,5.01,3.31,3135,0.148,34.4,0
387b5f4c-fe5b-4629-9a73-df39f82f1470,2026-08-19T18:59:45.759394Z,PM-42-EAST,5.42,3.69,3077,0.125,17.2,0
a3ff7023-f703-4bf7-bbce-8909e60a33a3,2026-08-19T19:25:45.759394Z,PM-42-EAST,4.55,3.14,2818,0.137,18.3,0
e117b363-96bb-4679-9008-cdd48ef482ab,2026-08-19T20:23:45.759394Z,PM-42-EAST,4.6,3.72,3148,0.14,23.1,0
5a2e0aa2-95d6-4dac-8559-2487bbf66098,2026-08-19T20:38:45.759394Z,PM-42-EAST,5.12,3.61,3195,0.113,28.4,0
8e7265be-ea02-403b-ba43-537b448b651e,2026-08-19T20:47:45.759394Z,PM-42-EAST,4.96,3.74,2963,0.114,31.7,0
7e4efa77-c207-4d1f-a51c-b82be3fc7d66,2026-08-19T21:19:45.759394Z,PM-42-EAST,4.82,3.05,3157,0.129,19.7,0
6f5ebd83-27d3-42ad-8847-a737719e619e,2026-08-19T22:08:45.759394Z,PM-42-EAST,5.28,3.38,3001,0.144,25.2,0
67abf663-ca08-4d42-99f0-0d9cf5ada13b,2026-08-19T22:26:45.759394Z,PM-42-EAST,5.04,3.79,2845,0.141,31.6,0
ab6179c3-040f-4a75-b739-b1a0e205abe8,2026-08-19T22:56:45.759394Z,PM-42-EAST,4.83,3.16,3188,0.075,32.2,0
217c9cbf-687b-4590-ac38-c1873e19e7a9,2026-08-19T23:49:45.759394Z,PM-42-EAST,5.37,3.62,2818,0.099,37.1,0
7ab1609b-973d-4bb1-af8f-59c435f6598b,2026-08-20T00:31:45.759394Z,PM-42-EAST,5.44,3.52,2886,0.085,32.9,0
c1fd14f8-b25d-49ac-bccf-63537daffcaf,2026-08-20T01:02:45.759394Z,PM-42-EAST,5.45,3.76,2840,0.133,33.1,0
cebc0fbf-885d-434b-923b-dddd0807454a,2026-08-20T01:35:45.759394Z,PM-42-EAST,4.73,3.08,3193,0.09,25.0,0
88f923a6-e8a5-4e86-9cf3-206771d1bf7a,2026-08-20T02:00:45.759394Z,PM-42-EAST,5.19,3.8,2932,0.067,30.2,0
282c2ce6-3cfc-4d30-88a3-ec8bca98439d,2026-08-20T02:42:45.759394Z,PM-42-EAST,4.77,3.38,3001,0.083,38.3,0
b5f540d1-3be5-4fb4-a899-6c911686c92c,2026-08-20T03:42:45.759394Z,PM-42-EAST,4.97,3.73,3077,0.143,18.1,0
f0be579f-3c6c-4ecd-a7c2-9de8ee80e0de,2026-08-20T04:37:45.759394Z,PM-42-EAST,4.84,3.13,2888,0.115,29.9,0
46e8078e-6ad0-4c31-9fc2-4393f20fe29f,2026-08-20T04:56:45.759394Z,PM-42-EAST,4.9,3.24,2874,0.064,19.3,0
3849cddf-c5aa-42b8-a0c0-65ebbe957c6e,2026-08-20T05:14:45.759394Z,PM-42-EAST,5.13,3.71,2968,0.141,32.1,0
d212234f-e6ea-4ec9-92ba-550f7831d8f3,2026-08-20T05:58:45.759394Z,PM-42-EAST,4.98,3.52,3136,0.077,33.7,0
cc8920fc-dbcc-465d-885d-9418663ccbb4,2026-08-20T06:45:45.759394Z,PM-42-EAST,5.16,3.41,2987,0.092,20.4,0
4d1f3a61-b1ba-4548-919e-0ecd31f2f136,2026-08-20T06:59:45.759394Z,PM-42-EAST,4.78,3.34,2888,0.061,38.1,0
405efe90-4abb-4c32-9727-11e9f563dde1,2026-08-20T07:34:45.759394Z,PM-42-EAST,5.3,3.66,2801,0.075,33.3,0
379d11e6-ae9d-4f97-9b54-f931682dc3ab,2026-08-20T08:16:45.759394Z,PM-42-EAST,5.34,3.14,3169,0.06,34.1,0
bfe69cdb-8b2d-47ea-a5ec-6d577b628897,2026-08-20T08:30:45.759394Z,PM-42-EAST,5.31,3.01,2925,0.119,17.3,0
ddf3833a-b7e1-4ad9-bcbc-ed87ba53b4e5,2026-08-20T09:01:45.759394Z,PM-42-EAST,4.8,3.74,3004,0.068,31.3,0
db2317e1-52db-4807-a75a-03957c8db3db,2026-08-20T09:42:45.759394Z,PM-42-EAST,5.39,3.58,3196,0.118,29.5,0
9e3fc3c0-2279-4e6a-9c9d-436b506b00ac,2026-08-20T09:59:45.759394Z,PM-42-EAST,4.93,3.02,2917,0.099,38.0,0
f3ae2d87-12ee-494c-9233-cde523af6de8,2026-08-20T10:45:45.759394Z,PM-42-EAST,4.86,3.09,3040,0.051,22.7,0
bc3b70be-05f3-4f24-9f7c-cf5755d139dd,2026-08-20T11:34:45.759394Z,PM-42-EAST,5.02,3.72,2964,0.093,25.1,0
d664e731-1e70-42d4-9870-ac6747599b39,2026-08-20T12:01:45.759394Z,PM-42-EAST,4.74,3.52,2802,0.119,36.5,0
82d885e3-783e-44a6-8c35-66fdaff4f189,2026-08-20T12:36:45.759394Z,PM-42-EAST,5.21,3.78,2808,0.112,37.5,0
4ee4d61c-0745-471f-b57e-d1b06620f48c,2026-08-20T13:35:45.759394Z,PM-42-EAST,5.33,3.69,3185,0.14,35.3,0
e8ec401d-0b41-43e4-9bea-68f07e41e2fd,2026-08-20T14:35:45.759394Z,PM-42-EAST,4.61,3.48,3183,0.07,24.7,0
706a50bd-a08e-4538-8c27-e469ae51f847,2026-08-20T15:35:45.759394Z,PM-42-EAST,4.58,3.13,3020,0.062,31.0,0
869e5570-51f9-4f1b-9f90-d113ce18ddc1,2026-08-20T15:54:45.759394Z,PM-42-EAST,4.53,3.53,2947,0.087,31.7,0
c082af45-3a88-4b36-843b-9347e59c3ba4,2026-08-20T16:50:45.759394Z,PM-42-EAST,5.09,3.35,2910,0.118,21.1,0
1a8d7224-6041-4e1a-b7e5-cbe777d59a32,2026-08-20T17:19:45.759394Z,PM-42-EAST,4.93,3.19,3106,0.14,26.8,0
96f62953-a5da-4afb-8ca8-cc41e3e591cb,2026-08-20T17:45:45.759394Z,PM-42-EAST,4.63,3.22,3085,0.054,15.2,0
e435f664-5027-46cf-89b8-bc8bbe6a4d01,2026-08-20T18:05:45.759394Z,PM-42-EAST,4.99,3.73,3145,0.065,24.2,0
544629b6-4468-4a1d-b842-18c2980fe3fc,2026-08-20T18:22:45.759394Z,PM-42-EAST,5.12,3.32,3046,0.106,25.4,0
50cbe0c4-ec5e-4798-b09c-e1ae37059d98,2026-08-20T18:32:45.759394Z,PM-42-EAST,5.02,3.72,3054,0.135,35.1,0
fd46afea-76b0-4e76-a510-7783232fe2ff,2026-08-20T18:55:45.759394Z,PM-42-EAST,5.04,3.27,2880,0.148,24.9,0
abe630dd-7fe8-4bdc-b4e0-c70326ce1e05,2026-08-20T19:25:45.759394Z,PM-42-EAST,5.49,3.15,2922,0.126,35.8,0
dd6ce33d-c067-4dfc-8e03-97dd641235fa,2026-08-20T19:49:45.759394Z,PM-42-EAST,4.84,3.06,3024,0.083,20.9,0
dd8e8a4a-8677-44af-8c63-859fdb622c80,2026-08-20T20:34:45.759394Z,PM-42-EAST,5.27,3.3,2833,0.126,20.6,0
4e747448-6f3c-40b5-aff2-1765ab41e27e,2026-08-20T20:52:45.759394Z,PM-42-EAST,5.5,3.73,3059,0.103,24.0,0
878dae17-3d57-42d7-90cd-b91343ed9542,2026-08-20T21:11:45.759394Z,PM-42-EAST,4.68,3.14,3075,0.108,33.2,0
a2edb31f-8c35-4fae-8798-e92a4b84db29,2026-08-20T21:54:45.759394Z,PM-42-EAST,4.63,3.51,3111,0.085,27.8,0
6675284e-078b-4f42-88e7-b0aef22bdad7,2026-08-20T22:07:45.759394Z,PM-42-EAST,5.13,3.41,3080,0.054,15.4,0
fdc42aed-28c0-41df-9dc9-44362b3f2df4,2026-08-20T22:27:45.759394Z,PM-42-EAST,5.46,3.5,3150,0.137,34.5,0
844251aa-76ac-4e24-ba4f-4027b1d072fe,2026-08-20T23:15:45.759394Z,PM-42-EAST,5.06,3.0,2918,0.086,38.6,0
79241a1e-4ef7-4334-80e1-e973fd57f803,2026-08-21T00:09:45.759394Z,PM-42-EAST,4.91,3.53,2908,0.137,33.7,0
49416bbe-d03f-486a-a73f-be6a07180a31,2026-08-21T00:36:45.759394Z,PM-42-EAST,5.25,3.47,2872,0.087,15.8,0
1b87d522-49fc-4880-a00c-32e0cdd84044,2026-08-21T00:58:45.759394Z,PM-42-EAST,5.02,3.44,2976,0.148,24.4,0
46ea53c1-ab4e-4c29-9374-d203557674f5,2026-08-21T01:14:45.759394Z,PM-42-EAST,5.0,3.34,3134,0.116,34.7,0
46a8ee39-e047-4618-8991-6ee602e3ebdb,2026-08-21T01:39:45.759394Z,PM-42-EAST,5.06,3.16,3047,0.089,16.5,0
525df838-0b13-44b8-b447-7f51350ad186,2026-08-21T01:51:45.759394Z,PM-42-EAST,4.88,3.17,3159,0.108,31.3,0
5262eebf-d902-4be4-ba7c-1a79903cedc2,2026-08-21T02:51:45.759394Z,PM-42-EAST,5.32,3.36,2896,0.05,27.4,0
581dfa9e-4b58-496f-8454-697fe33c689a,2026-08-21T03:35:45.759394Z,PM-42-EAST,4.76,3.44,2860,0.097,30.1,0
ef10643c-ae67-41ba-876e-31b688d07ca4,2026-08-21T04:10:45.759394Z,PM-42-EAST,5.03,3.48,2964,0.102,29.2,0
8d317d67-18fb-403b-8c78-47eb822a2fa0,2026-08-21T04:56:45.759394Z,PM-42-EAST,5.48,3.2,2822,0.15,38.5,0
7cfd7fe6-7485-4339-92ee-a9a8f4694f82,2026-08-21T05:40:45.759394Z,PM-42-EAST,4.95,3.52,3002,0.112,39.2,0
9349020d-6f3a-43ef-bd10-9c44f84abc9a,2026-08-21T06:32:45.759394Z,PM-42-EAST,4.86,3.3,2924,0.087,20.3,0
cd3199ae-3634-4875-be2f-1ad49c738053,2026-08-21T07:27:45.759394Z,PM-42-EAST,4.92,3.36,2858,0.086,16.6,0
e0199312-cc58-4556-b3da-223eec153b66,2026-08-21T08:25:45.759394Z,PM-42-EAST,4.52,3.06,2918,0.084,24.5,0
ca09652c-5fd9-4c05-9d7e-a9e4c79e85c7,2026-08-21T08:56:45.759394Z,PM-42-EAST,4.82,3.26,2968,0.118,36.4,0
44cdc7cb-42a8-417b-b8e3-9d5202bb9f57,2026-08-21T09:31:45.759394Z,PM-42-EAST,4.83,3.5,2933,0.147,36.9,0
1612c0ed-43a1-4273-926f-72099180c678,2026-08-21T10:08:45.759394Z,PM-42-EAST,5.07,3.28,3152,0.117,37.6,0
a262db92-c45b-4353-9a7d-77ca65afdc44,2026-08-21T10:49:45.759394Z,PM-42-EAST,4.77,3.01,3165,0.137,38.7,0
523ace80-779e-4a3e-ab19-2252890c177f,2026-08-21T11:31:45.759394Z,PM-42-EAST,5.2,3.45,3182,0.077,36.9,0
90f4cb89-772f-4caf-9468-a44a580c7cf7,2026-08-21T11:48:45.759394Z,PM-42-EAST,4.91,3.08,3041,0.115,20.7,0
7a10917f-238f-414c-ad03-b3975c490856,2026-08-21T12:47:45.759394Z,PM-42-EAST,4.9,3.69,3157,0.074,39.4,0
a1502e1a-639a-406e-a372-691247142625,2026-08-21T13:07:45.759394Z,PM-42-EAST,4.6,3.56,2813,0.083,17.4,0
358a08fd-ea73-440b-87a5-f7ee14e9e5bf,2026-08-21T13:34:45.759394Z,PM-42-EAST,5.13,3.06,3159,0.103,24.2,0
249a08b3-c768-4da7-beea-f37ae588b85c,2026-08-21T14:24:45.759394Z,PM-42-EAST,4.7,3.35,2931,0.071,29.4,0
c9f9871c-6924-4bd4-9ca7-9f35778f0441,2026-08-21T14:36:45.759394Z,PM-42-EAST,5.18,3.53,2987,0.147,33.3,0
0367213e-346c-422e-84fa-04c2e855e396,2026-08-21T15:28:45.759394Z,PM-42-EAST,4.59,3.13,2919,0.075,26.3,0
4084dddb-972b-4756-976f-83ab1c926e80,2026-08-21T15:58:45.759394Z,PM-42-EAST,5.14,3.31,2844,0.059,29.7,0
b4425ef8-3b6b-4883-9a4d-a7f9b0c3e896,2026-08-21T16:33:45.759394Z,PM-42-EAST,5.3,3.01,2990,0.094,31.7,0
c8caf159-8fcc-45ae-94bd-e96604827098,2026-08-21T16:50:45.759394Z,PM-42-EAST,4.8,3.06,3017,0.085,19.2,0
c3178b85-b9a8-47b4-bb9d-e5b74fbba9f1,2026-08-21T17:11:45.759394Z,PM-42-EAST,4.73,3.64,3021,0.128,30.3,0
9ab09a1c-2af6-4b18-bfb4-3620218a7cb9,2026-08-21T17:49:45.759394Z,PM-42-EAST,4.56,3.32,2973,0.144,23.5,0
ca8c4e3e-cac8-48cf-83a3-169c57efdf35,2026-08-21T18:13:45.759394Z,PM-42-EAST,4.92,3.36,3077,0.144,34.4,0
acaaffd3-296f-44ed-94f1-5f39a4d9bed6,2026-08-21T18:29:45.759394Z,PM-42-EAST,4.65,3.14,2986,0.145,25.4,0
40606e95-0c13-4fe3-8a7b-3d3b4398684b,2026-08-21T18:39:45.759394Z,PM-42-EAST,4.52,3.61,3012,0.104,27.1,0
608b899d-99c9-447b-9950-04705575d7ac,2026-08-21T18:56:45.759394Z,PM-42-EAST,4.94,3.25,3026,0.093,37.9,0
72134258-5e72-40e1-874c-b1f4e3c5ad0c,2026-08-21T19:53:45.759394Z,PM-42-EAST,4.88,3.3,3103,0.084,29.5,0
622a747e-676b-49d6-a822-ec8e774b493b,2026-08-21T20:41:45.759394Z,PM-42-EAST,4.69,3.68,3181,0.084,24.1,0
5008fc02-61d5-4654-9154-9ec49255e8e7,2026-08-21T21:13:45.759394Z,PM-42-EAST,4.6,3.8,2994,0.063,30.4,0
e0f7728c-9a14-4def-9b7e-d3e400941250,2026-08-21T21:30:45.759394Z,PM-42-EAST,5.04,3.22,2944,0.066,38.9,0
ffb511ae-ba17-471a-8b4b-0733a9594145,2026-08-21T21:43:45.759394Z,PM-42-EAST,4.53,3.44,2885,0.127,29.9,0
20103be0-4db6-4f50-b49d-494c239782aa,2026-08-21T22:01:45.759394Z,PM-42-EAST,5.33,3.3,2828,0.114,26.0,0
ad31ae19-f5e8-4999-a866-7c89e7a8ffbd,2026-08-21T22:36:45.759394Z,PM-42-EAST,4.56,3.07,2910,0.072,29.5,0
5fcba954-42c3-462b-a9bb-526c4f61f69b,2026-08-21T22:54:45.759394Z,PM-42-EAST,4.87,3.34,3098,0.111,33.1,0
cc2e1be6-6948-47fd-9216-92e056551221,2026-08-21T23:49:45.759394Z,PM-42-EAST,5.03,3.78,2807,0.088,31.3,0
8cac646b-6543-46d7-b8b9-1a0db267a045,2026-08-22T00:27:45.759394Z,PM-42-EAST,5.38,3.8,3004,0.077,34.2,0
d5aa0fe0-10dc-4e9b-8d89-2f6b0f85786a,2026-08-22T00:32:45.759394Z,PM-42-EAST,4.58,3.62,3052,0.107,36.8,0
3ce1c3d7-d3d6-4a6c-b910-e890bb943319,2026-08-22T01:02:45.759394Z,PM-42-EAST,5.4,3.23,3130,0.113,31.6,1
8713311a-1e2c-4c86-bbdb-f13722aff132,2026-08-22T01:58:45.759394Z,PM-42-EAST,5.64,3.8,3146,0.195,36.1,1
e36844b5-a56a-4c13-b70f-101b5460356a,2026-08-22T02:34:45.759394Z,PM-42-EAST,6.19,4.01,3450,0.163,23.5,1
fe994fad-d03b-426e-94e9-8905030abd8d,2026-08-22T02:47:45.759394Z,PM-42-EAST,6.16,4.57,3737,0.254,34.8,1
fda55549-d0c8-48ba-91d8-4805358e5985,2026-08-22T03:43:45.759394Z,PM-42-EAST,6.29,4.37,3795,0.236,25.8,1
18b8577b-a488-4a88-bd04-69e87dd7ed11,2026-08-22T04:10:45.759394Z,PM-42-EAST,6.82,4.92,3809,0.283,26.0,1
b5d1661a-43f1-4260-ab60-79641d0db6c6,2026-08-22T04:52:45.759394Z,PM-42-EAST,7.22,4.77,4065,0.342,16.0,1
74db8212-97bf-4f7d-95b3-b3fd229d324a,2026-08-22T05:07:45.759394Z,PM-42-EAST,7.13,4.67,4338,0.373,16.6,1
4319e30b-a938-48e7-a55a-03a40f35e69d,2026-08-22T06:04:45.759394Z,PM-42-EAST,7.71,4.97,4257,0.347,35.4,1
ed36d2bf-5666-4116-91d2-dc2c27c62047,2026-08-22T06:54:45.759394Z,PM-42-EAST,4.8,3.68,2947,0.09,20.6,0
d88c733b-fb77-4ffe-91f7-6901b3f89186,2026-08-22T07:19:45.759394Z,PM-42-EAST,5.34,3.39,2993,0.087,17.2,0
67ea7eed-0cbb-4002-8ed7-5834c0bd9ea9,2026-08-22T07:28:45.759394Z,PM-42-EAST,5.29,3.09,3109,0.137,15.9,0
858954b2-2755-4c83-934e-eaa34b047831,2026-08-22T08:09:45.759394Z,PM-42-EAST,5.38,3.6,2804,0.067,29.2,0
36dbd7f7-e1e2-4ad3-b404-90193dec122d,2026-08-22T08:26:45.759394Z,PM-42-EAST,5.05,3.8,3021,0.144,24.6,0
cf4963c8-3012-48e5-942b-faae2dfbe677,2026-08-22T09:00:45.759394Z,PM-42-EAST,4.62,3.22,2962,0.147,25.5,0
0151caec-4b26-47d4-b277-185ec7d5e2a5,2026-08-22T09:26:45.759394Z,PM-42-EAST,5.12,3.73,2897,0.059,34.9,0
89740c90-3a66-469e-878f-9d5c7cd2ee73,2026-08-22T10:21:45.759394Z,PM-42-EAST,5.39,3.19,2979,0.071,37.6,0
393ee627-7461-4fa9-99b1-d7d79a94f782,2026-08-22T11:12:45.759394Z,PM-42-EAST,4.54,3.55,2951,0.135,16.0,0
fe09e15b-bb29-4527-9a50-fc3257d7f339,2026-08-22T11:56:45.759394Z,PM-42-EAST,4.54,3.68,2882,0.066,24.2,0
aefb7252-b0d2-456f-b40c-613f6423fe7d,2026-08-22T12:42:45.759394Z,PM-42-EAST,5.28,3.36,3054,0.149,32.6,0
1cf2a6e6-fb38-45b0-b159-10979432c65a,2026-08-22T13:06:45.759394Z,PM-42-EAST,4.89,3.79,3027,0.097,17.5,0
5ca48062-b2b6-463c-8eed-7d87465f1015,2026-08-22T13:42:45.759394Z,PM-42-EAST,4.84,3.43,2875,0.073,26.7,0
ff11f5b1-e00b-4eb5-817e-04c871f87efa,2026-08-22T14:39:45.759394Z,PM-42-EAST,4.9,3.31,3124,0.087,38.6,0
59b01d07-0a1b-49ff-9a5e-12561cd55d07,2026-08-22T14:49:45.759394Z,PM-42-EAST,5.0,3.71,3157,0.135,31.5,0
47a139f7-a83e-4aca-b0c5-ba47787f3b07,2026-08-22T15:26:45.759394Z,PM-42-EAST,4.74,3.18,2904,0.06,17.6,0
0704ca32-99ab-41c9-ab01-ac58396267ca,2026-08-22T16:17:45.759394Z,PM-42-EAST,5.46,3.43,3019,0.084,39.8,0
68d5fd21-41b4-4add-b7e5-b98afef5f5cf,2026-08-22T16:43:45.759394Z,PM-42-EAST,4.62,3.6,3135,0.076,31.8,0
076599b8-c583-42ff-a9f8-9207752075e9,2026-08-22T17:07:45.759394Z,PM-42-EAST,5.13,3.45,2801,0.066,16.5,0
7ff9e58e-c6c1-4aaa-89d9-c6af44864aa9,2026-08-22T17:57:45.759394Z,PM-42-EAST,4.75,3.33,3112,0.147,26.0,0
55afb4c0-f1ef-4d99-b1ba-137c6c9acda2,2026-08-22T18:14:45.759394Z,PM-42-EAST,5.09,3.62,3080,0.063,26.4,0
e1a802c2-36bf-43ed-8d03-6aa1b8870398,2026-08-22T18:40:45.759394Z,PM-42-EAST,5.13,3.45,2887,0.107,35.0,0
2bdd6b0d-1792-417c-9cdf-965c44ceb243,2026-08-22T19:35:45.759394Z,PM-42-EAST,4.61,3.23,2884,0.052,20.5,0
511cd932-ba36-4180-842d-934356f911d0,2026-08-22T20:29:45.759394Z,PM-42-EAST,5.42,3.03,3015,0.061,27.0,0
fd926f32-7cf2-4292-8761-6ac3cefd5c39,2026-08-22T21:10:45.759394Z,PM-42-EAST,4.93,3.09,3029,0.105,34.3,0
8e6c1b1f-86bc-47b7-9605-828ff9240668,2026-08-22T21:23:45.759394Z,PM-42-EAST,4.78,3.05,3103,0.146,35.6,0
7bcccefc-2c3b-4ef8-b318-205bb30f47ac,2026-08-22T21:54:45.759394Z,PM-42-EAST,4.64,3.15,2961,0.086,35.7,0
98bea064-a1a2-4724-9f35-1990ee526f43,2026-08-22T22:13:45.759394Z,PM-42-EAST,5.08,3.57,2836,0.092,23.6,0
a9891a49-d7c6-4e5e-9b6e-b40eeb67a1d4,2026-08-22T22:40:45.759394Z,PM-42-EAST,5.34,3.67,2873,0.109,30.1,0
ff1a9732-30a5-4c05-96c5-b22e842050b5,2026-08-22T23:36:45.759394Z,PM-42-EAST,5.23,3.42,2958,0.1,20.1,0
3b089378-7746-49c7-8eab-6aa962efaa13,2026-08-23T00:34:45.759394Z,PM-42-EAST,5.33,3.0,2996,0.102,17.3,0
83df12ec-5abb-426e-af98-d6adf0ee30d6,2026-08-23T01:31:45.759394Z,PM-42-EAST,4.64,3.31,2902,0.065,38.4,0
9ce792af-bc58-42f6-98ee-ad2f7d8071a8,2026-08-23T01:45:45.759394Z,PM-42-EAST,4.61,3.52,3144,0.088,23.7,0
ee276b93-54f4-4ce9-8b09-9a3474eed1b0,2026-08-23T02:23:45.759394Z,PM-42-EAST,5.2,3.71,2903,0.085,19.8,0
aad03b46-f2b4-4f7f-b484-d812fb78ba6b,2026-08-23T03:20:45.759394Z,PM-42-EAST,4.83,3.51,2883,0.15,35.1,0
3613d333-1cca-45dd-b207-566d8a0efd08,2026-08-23T03:34:45.759394Z,PM-42-EAST,5.09,3.35,3194,0.114,21.1,0
bc76e494-178d-43c8-acc2-3170c8ad4bdc,2026-08-23T04:31:45.759394Z,PM-42-EAST,5.13,3.35,3135,0.08,25.3,0
1e8ced2c-0e31-4ed1-aecd-239b62c9d62c,2026-08-23T04:40:45.759394Z,PM-42-EAST,5.1,3.5,3171,0.076,29.6,0
8221ad6f-e364-468e-8b47-4cf0e26179dc,2026-08-23T05:40:45.759394Z,PM-42-EAST,4.82,3.41,3181,0.05,26.6,0
54c95217-98ce-4c3b-9693-cb7026f2e48d,2026-08-23T06:40:45.759394Z,PM-42-EAST,4.69,3.49,2847,0.068,18.0,0
3b1d0171-614f-406c-b381-ed23fd244c13,2026-08-23T07:23:45.759394Z,PM-42-EAST,4.86,3.63,3055,0.13,17.2,0
7c6132f4-7f2e-4803-b709-5c6eae1fb19e,2026-08-23T07:52:45.759394Z,PM-42-EAST,5.02,3.24,2919,0.095,21.2,0
33e4ebc0-e4e5-4dc7-b3b6-a18415de4e24,2026-08-23T08:41:45.759394Z,PM-42-EAST,4.63,3.4,3034,0.115,20.5,0
c9261e34-bce2-41c7-b8ad-2321614e405d,2026-08-23T08:47:45.759394Z,PM-42-EAST,4.54,3.03,3081,0.086,38.4,0
ceeccf07-c531-4b62-b91a-20b72546cb09,2026-08-23T09:44:45.759394Z,PM-42-EAST,4.53,3.43,3123,0.141,16.5,0
54d3a4b0-2d02-43f0-8dd6-5dec8ce3c6cd,2026-08-23T10:04:45.759394Z,PM-42-EAST,4.53,3.24,3038,0.057,30.6,0
7180b79f-345a-4c9c-95e8-84143a1b0183,2026-08-23T10:37:45.759394Z,PM-42-EAST,5.33,3.06,3006,0.126,18.3,0
f7799b4d-8114-4f4e-b9a9-5b82a21c3625,2026-08-23T11:27:45.759394Z,PM-42-EAST,5.17,3.74,2864,0.141,31.6,0
52428e9b-5063-44a5-8e96-9aa54b68fdc2,2026-08-23T11:34:45.759394Z,PM-42-EAST,4.84,3.47,3043,0.098,16.9,0
38fd8e32-3c6c-49f8-8b39-259e137335ed,2026-08-23T12:19:45.759394Z,PM-42-EAST,4.82,3.19,2829,0.076,21.0,0
f43699b1-65d3-4e48-b4ef-315f463e7cd6,2026-08-23T13:07:45.759394Z,PM-42-EAST,5.27,3.72,3109,0.067,39.7,0
eb9f2916-73d4-49d5-aa18-01ae3b61230c,2026-08-23T13:24:45.759394Z,PM-42-EAST,4.67,3.78,3089,0.12,19.7,0
d82d6c94-2efc-4e36-b176-720d49164c78,2026-08-23T13:55:45.759394Z,PM-42-EAST,5.21,3.58,2934,0.146,31.9,0
198347d5-afdc-4ef1-9df2-3d95f5621cbd,2026-08-23T14:12:45.759394Z,PM-42-EAST,4.79,3.18,2845,0.075,22.0,0
e6ea4f7e-5176-4126-98e0-419b01e8c58c,2026-08-23T15:01:45.759394Z,PM-42-EAST,5.42,3.75,3115,0.053,25.5,0
5241a221-09eb-43d6-8659-c54bc4e84804,2026-08-23T15:17:45.759394Z,PM-42-EAST,4.92,3.77,3122,0.095,32.3,0
d7977099-69e0-42c5-b72d-f018f7c4975e,2026-08-23T15:31:45.759394Z,PM-42-EAST,4.99,3.2,3069,0.072,33.8,0
1fef37ae-7d93-403b-a03a-783eb5a73f6b,2026-08-23T15:55:45.759394Z,PM-42-EAST,4.77,3.54,3061,0.13,21.2,0
50e9ed1e-7916-45f6-ae12-18b59fa0503c,2026-08-23T16:17:45.759394Z,PM-42-EAST,4.88,3.45,2811,0.079,23.4,0
c30da51e-90fa-4b1c-a0bf-dec4214bf167,2026-08-23T16:56:45.759394Z,PM-42-EAST,5.04,3.57,3026,0.089,31.0,0
6d47a003-2c8c-47ba-a13b-474960dbd6e3,2026-08-23T17:56:45.759394Z,PM-42-EAST,5.49,3.33,2923,0.088,23.4,0
b8a4cf2a-30a9-4ea7-a53a-37dcba8c856d,2026-08-23T18:04:45.759394Z,PM-42-EAST,4.91,3.5,3015,0.069,30.4,0
5e6d1da7-5453-47db-9341-ca49a8ba4b34,2026-08-23T18:42:45.759394Z,PM-42-EAST,5.15,3.31,2839,0.071,35.7,0
dbe090dc-d115-493d-8fda-4499612e0ecd,2026-08-23T19:03:45.759394Z,PM-42-EAST,5.25,3.61,2839,0.092,15.3,0
beaec7ef-3778-4591-9bd4-27dd1aa38f0c,2026-08-23T19:54:45.759394Z,PM-42-EAST,4.9,3.79,2936,0.094,28.4,0
8f66c105-4f94-4edd-b5c3-043dfedf05c1,2026-08-23T20:41:45.759394Z,PM-42-EAST,5.33,3.08,2922,0.133,33.5,0
14084f17-1356-4be6-a42d-4b81c806b61f,2026-08-23T21:13:45.759394Z,PM-42-EAST,4.9,3.38,3061,0.144,27.5,0
0b9e7112-8c24-4828-a5b3-7519c92609e8,2026-08-23T21:41:45.759394Z,PM-42-EAST,4.73,3.17,3031,0.119,28.7,0
a43ecb3b-13ac-48cb-9aac-993f1418c294,2026-08-23T21:49:45.759394Z,PM-42-EAST,4.54,3.52,2814,0.082,20.9,0
ddef352e-c282-4bf5-b875-b7f3670d2df9,2026-08-23T22:07:45.759394Z,PM-42-EAST,4.95,3.76,2828,0.105,15.9,0
76402c25-5f60-48a2-94c9-5c0b38a6fb3d,2026-08-23T22:22:45.759394Z,PM-42-EAST,4.52,3.08,2900,0.106,23.5,0
156e5043-c89f-4b2f-a38b-dc5c3e4841cc,2026-08-23T22:31:45.759394Z,PM-42-EAST,5.4,3.78,3120,0.071,28.2,0
680f4819-e7c4-43c4-adea-218868dd4dae,2026-08-23T23:29:45.759394Z,PM-42-EAST,5.1,3.72,2914,0.065,28.7,0
2c9ca883-109e-4aae-a630-4c3d054ca158,2026-08-23T23:40:45.759394Z,PM-42-EAST,4.66,3.01,2939,0.079,15.7,0
452780d7-aa84-4094-a532-a0e472252159,2026-08-23T23:46:45.759394Z,PM-42-EAST,4.82,3.5,3141,0.091,33.0,1
88d58781-519a-4a32-9f83-2d20643550f2,2026-08-24T00:31:45.759394Z,PM-42-EAST,5.38,3.95,3378,0.141,15.5,1
cfe49a03-e846-4758-aeef-e11481a7527d,2026-08-24T01:13:45.759394Z,PM-42-EAST,6.12,3.7,3442,0.219,30.0,1
9cc3d035-8163-43fb-9a4d-3031cafbe095,2026-08-24T01:50:45.759394Z,PM-42-EAST,5.95,4.54,3578,0.269,26.3,1
43ce085d-702e-435c-9a60-db1fd6044eaa,2026-08-24T02:10:45.759394Z,PM-42-EAST,6.55,4.82,3708,0.262,32.6,1
2d969060-fa25-4479-b593-da9649a53cc2,2026-08-24T03:01:45.759394Z,PM-42-EAST,6.83,5.01,3782,0.267,25.9,1
d0b67e84-2dd1-45b4-bed5-88ce4a2b0957,2026-08-24T03:10:45.759394Z,PM-42-EAST,7.26,4.66,3955,0.275,39.7,1
1b3f3866-2c3d-475b-9afa-6c3ce8f7c7ba,2026-08-24T03:41:45.759394Z,PM-42-EAST,7.75,4.68,4154,0.329,16.9,1
5d727d12-6bc0-434f-b143-1b0cff4fb4c5,2026-08-24T04:27:45.759394Z,PM-42-EAST,8.23,5.27,4517,0.399,31.0,1
a57759b9-7b95-4a37-95c8-56d5a00f1172,2026-08-24T05:15:45.759394Z,PM-42-EAST,4.56,3.27,2886,0.098,31.3,0
60bc9465-1ad7-4a5f-8ad2-70c61d586367,2026-08-24T05:39:45.759394Z,PM-42-EAST,4.65,3.64,2849,0.071,33.5,0
13b92482-395a-4265-a1d7-1140f7043f66,2026-08-24T06:31:45.759394Z,PM-42-EAST,5.35,3.27,2868,0.074,26.9,0
fe09c7c6-21d2-4116-8743-ab20ab7d3045,2026-08-24T07:00:45.759394Z,PM-42-EAST,5.42,3.37,3150,0.116,17.9,0
dc75ce81-c0c3-4055-ab50-696485caa6d4,2026-08-24T07:19:45.759394Z,PM-42-EAST,4.94,3.25,2961,0.102,26.5,0
96e1131d-8ae2-40f6-9112-ff16c9ce196a,2026-08-24T07:35:45.759394Z,PM-42-EAST,5.34,3.21,3019,0.112,26.8,0
a9ce2eaf-834c-4658-b79b-2faf0f503f38,2026-08-24T08:22:45.759394Z,PM-42-EAST,5.0,3.15,2913,0.053,32.8,0
aaae8610-9ef0-4830-942f-4a34cde8aea8,2026-08-24T08:38:45.759394Z,PM-42-EAST,5.06,3.03,3164,0.119,37.4,0
87a68be0-f15f-4173-8a6f-6bb510b71b4f,2026-08-24T09:36:45.759394Z,PM-42-EAST,5.17,3.5,3013,0.094,27.7,0
2422d9c8-af3c-4ff9-9046-6fcc853811f9,2026-08-24T09:48:45.759394Z,PM-42-EAST,4.99,3.33,2904,0.092,37.5,0
4414c311-b72e-4282-b80e-9a535585004a,2026-08-24T10:47:45.759394Z,PM-42-EAST,5.18,3.03,3124,0.131,19.3,0
1eae08a1-d4e0-46a6-adcb-96f0772baca5,2026-08-24T11:11:45.759394Z,PM-42-EAST,4.8,3.54,2856,0.092,28.5,0
e8e252d4-7e6f-4d6f-841f-0f317a97610e,2026-08-24T11:33:45.759394Z,PM-42-EAST,5.16,3.54,3058,0.099,33.2,0
d4be59e6-92f3-452d-9582-1fd6a841a2a1,2026-08-24T11:48:45.759394Z,PM-42-EAST,4.65,3.14,2978,0.107,26.1,0
90fc4e8b-5f11-4665-8a71-e1995c333844,2026-08-24T12:10:45.759394Z,PM-42-EAST,4.79,3.65,3143,0.138,17.7,0
1db8d914-4342-4e2b-9d74-86579b449a36,2026-08-24T12:32:45.759394Z,PM-42-EAST,5.02,3.26,3115,0.077,31.1,0
03c7ac44-2fbe-429d-b9bf-abbc90b6b04e,2026-08-24T13:09:45.759394Z,PM-42-EAST,4.5,3.16,3032,0.097,32.7,0
b4556cf8-5a84-45df-bf78-a515218c4f9d,2026-08-24T13:18:45.759394Z,PM-42-EAST,5.28,3.11,2895,0.142,27.3,0
dc11b034-6e5a-4806-9d0c-0342067493f1,2026-08-24T13:48:45.759394Z,PM-42-EAST,4.74,3.52,3133,0.061,19.9,0
8013bf83-a9e2-41ce-89f3-c9098f846e6e,2026-08-24T14:38:45.759394Z,PM-42-EAST,5.17,3.18,2956,0.08,37.0,0
2b5deb51-421b-46b3-909f-a15b2f0ad195,2026-08-24T15:25:45.759394Z,PM-42-EAST,4.7,3.6,2825,0.07,26.7,0
fc2b5554-5c7f-42e3-9b16-888e611eb36f,2026-08-24T16:16:45.759394Z,PM-42-EAST,4.69,3.33,2827,0.076,18.6,0
eae193b4-482c-4c3b-88cb-5c2a7bab69a1,2026-08-24T16:33:45.759394Z,PM-42-EAST,4.58,3.19,3166,0.124,22.1,0
19a9f932-64c3-42a6-9e11-6187e731031a,2026-08-24T17:29:45.759394Z,PM-42-EAST,5.27,3.33,2906,0.067,19.0,0
8b09a5f9-eb45-495a-b30f-8cd3effd351a,2026-08-24T17:37:45.759394Z,PM-42-EAST,4.6,3.64,2948,0.077,24.4,0
0005020d-b179-492b-aa96-8d5a699c43f1,2026-08-24T18:11:45.759394Z,PM-42-EAST,5.29,3.28,2849,0.124,16.4,0
319c87e9-58ca-434a-9f4f-a4721254a810,2026-08-24T18:44:45.759394Z,PM-42-EAST,4.86,3.6,2956,0.123,22.1,0
19cf76c0-a30b-4e25-9982-43a138bb843e,2026-08-24T19:17:45.759394Z,PM-42-EAST,4.91,3.51,3171,0.067,19.1,0
ab7c91f7-8816-4f76-86a2-4a38265c17d2,2026-08-24T19:48:45.759394Z,PM-42-EAST,4.73,3.64,3192,0.109,23.1,0
9480ad2a-5790-4419-970d-5ddb0751762f,2026-08-24T20:19:45.759394Z,PM-42-EAST,5.23,3.54,2911,0.068,18.0,0
68acf499-7e54-427e-b068-772677e762bb,2026-08-24T20:51:45.759394Z,PM-42-EAST,4.6,3.78,2990,0.117,22.6,0
26e65b2c-e33a-4b96-92c9-7b95c1c9dd01,2026-08-24T21:08:45.759394Z,PM-42-EAST,5.24,3.14,2985,0.114,25.4,0
80db2781-05bd-4c6c-ac1f-d52bfa4f22ab,2026-08-24T21:33:45.759394Z,PM-42-EAST,5.1,3.59,3010,0.101,25.2,0
08270808-5f58-495d-ba55-b8b2880c2bc1,2026-08-24T22:02:45.759394Z,PM-42-EAST,5.13,3.74,3022,0.107,25.6,0
ba62e08e-4492-4317-877e-fee9464d7127,2026-08-24T22:55:45.759394Z,PM-42-EAST,5.42,3.36,2989,0.128,17.8,0
b69cc77c-7bfe-4841-adb9-3fb479703116,2026-08-24T23:26:45.759394Z,PM-42-EAST,4.6,3.52,3199,0.071,36.5,0
ae10052d-b59b-4d93-984e-d9f568f626a9,2026-08-25T00:06:45.759394Z,PM-42-EAST,5.14,3.53,2891,0.071,18.1,0
327424c6-b3cc-4a4f-bb5e-eb64aa2d6891,2026-08-25T00:58:45.759394Z,PM-42-EAST,5.36,3.5,3027,0.085,39.1,0
401c1c6d-91c2-48c1-90e4-1eb8d07e39a2,2026-08-25T01:18:45.759394Z,PM-42-EAST,4.81,3.13,3134,0.075,37.6,0
a7b2939e-daf7-4530-bfa8-666be8426daf,2026-08-25T01:52:45.759394Z,PM-42-EAST,5.25,3.19,3047,0.143,37.4,0
6f1fdfe4-7927-4d57-8a56-215291e1a0e8,2026-08-25T02:26:45.759394Z,PM-42-EAST,5.42,3.62,3114,0.108,38.0,0
175d0e77-a3fb-45e0-9adf-0023925bc8d3,2026-08-25T03:07:45.759394Z,PM-42-EAST,4.62,3.38,2951,0.149,28.8,0
253dd2af-959e-499b-b4fc-37047a6beee2,2026-08-25T03:55:45.759394Z,PM-42-EAST,4.52,3.12,3102,0.147,23.9,0
a6190dd9-af63-4b23-b3f9-f6b4d754b215,2026-08-25T04:50:45.759394Z,PM-42-EAST,5.04,3.04,3062,0.103,29.0,0
7d966c40-80c5-429d-ab08-d9a625e020cb,2026-08-25T05:27:45.759394Z,PM-42-EAST,4.77,3.15,3038,0.09,21.4,0
df719eb2-0a42-4329-a361-8d32a7397c79,2026-08-25T05:34:45.759394Z,PM-42-EAST,5.27,3.13,2847,0.11,37.7,0
1dcce5a8-c7f3-4ace-9165-63577336f0e1,2026-08-25T06:27:45.759394Z,PM-42-EAST,5.0,3.76,3181,0.068,15.6,0
fa84db49-71e1-4b13-af0f-16328a35ab9f,2026-08-25T07:03:45.759394Z,PM-42-EAST,5.0,3.19,2974,0.117,18.6,0
d9e67f96-5d61-4670-bbaf-f6a7d497666f,2026-08-25T08:01:45.759394Z,PM-42-EAST,5.28,3.77,2935,0.147,38.9,0
608d9db6-e72a-46a1-ad87-926493be824e,2026-08-25T08:22:45.759394Z,PM-42-EAST,4.82,3.67,3142,0.055,39.8,0
991b68a1-f691-432b-b934-7657b0826ee9,2026-08-25T08:35:45.759394Z,PM-42-EAST,5.11,3.72,2919,0.13,22.3,0
0c86c950-48b3-4c1f-a699-a1146bc1f50d,2026-08-25T09:34:45.759394Z,PM-42-EAST,5.23,3.59,3018,0.068,33.7,0
acbd435b-b8a4-484d-8744-5917d343a616,2026-08-25T09:46:45.759394Z,PM-42-EAST,5.45,3.26,3115,0.146,31.8,0
7b0ede4b-aa93-4451-93ac-b3f5972ea5d2,2026-08-25T10:03:45.759394Z,PM-42-EAST,4.55,3.65,2951,0.142,30.4,0
4cb14a55-12b0-4e7d-8143-f0925794bb9e,2026-08-25T10:08:45.759394Z,PM-42-EAST,5.05,3.38,3002,0.089,18.8,0
415eb69e-8c24-4a68-8ce1-97c500b17eed,2026-08-25T11:02:45.759394Z,PM-42-EAST,4.79,3.25,2848,0.055,37.6,0
f0b2bdee-4331-49a4-99a9-50b4c9986ad1,2026-08-25T11:57:45.759394Z,PM-42-EAST,5.22,3.23,3133,0.113,22.5,0
1fcabbe8-3c61-47ba-ae07-e71af6d32666,2026-08-25T12:09:45.759394Z,PM-42-EAST,5.23,3.44,2885,0.099,19.9,0
f8409f57-c223-4fee-82e2-72b7b664178f,2026-08-25T12:50:45.759394Z,PM-42-EAST,5.05,3.46,2806,0.074,36.8,0
5fc34d01-53a5-47db-be75-3bbfeb0c18a8,2026-08-25T13:34:45.759394Z,PM-42-EAST,4.85,3.5,2846,0.065,25.1,0
26a82ed9-d46e-412e-bc41-6c9d1d931c68,2026-08-25T13:46:45.759394Z,PM-42-EAST,4.76,3.54,2839,0.091,22.1,0
813e8727-a7a1-4a7d-a63a-714d9ee3a61e,2026-08-25T14:39:45.759394Z,PM-42-EAST,5.14,3.71,2989,0.119,24.6,0
76b8f60d-3339-46b5-9569-375761f69675,2026-08-25T14:58:45.759394Z,PM-42-EAST,4.88,3.32,3046,0.13,21.4,0
e7a2d6ac-6a79-49d5-a3ab-5c0fc71a2899,2026-08-25T15:18:45.759394Z,PM-42-EAST,4.86,3.05,2811,0.084,37.6,0
12b62f29-cefb-42a2-af50-81155927aeaf,2026-08-25T15:39:45.759394Z,PM-42-EAST,5.06,3.04,3112,0.111,27.3,0
d4596295-b119-493c-aff2-1771d9adc090,2026-08-25T16:03:45.759394Z,PM-42-EAST,4.86,3.33,2879,0.102,35.6,0
d1b334a1-33cb-4e84-aa1b-49775be035ca,2026-08-25T16:47:45.759394Z,PM-42-EAST,4.98,3.17,2995,0.123,17.3,0
b221387f-c721-473b-a911-34ab61702cf6,2026-08-25T17:46:45.759394Z,PM-42-EAST,5.07,3.34,3159,0.065,19.6,0
468a00e7-3a11-4621-a9b7-ea8651cbee01,2026-08-25T18:16:45.759394Z,PM-42-EAST,5.29,3.76,2955,0.07,34.2,0
6061d309-1ba7-4c49-b1ea-7d233dc97e20,2026-08-25T18:49:45.759394Z,PM-42-EAST,5.37,3.36,3181,0.08,32.1,0
ad04c97c-d84d-4edb-94c9-28889c78dda9,2026-08-25T19:35:45.759394Z,PM-42-EAST,5.31,3.44,2899,0.112,38.2,0
36440fa2-5bcb-4936-92d9-bbf5b0c2fcc8,2026-08-25T19:58:45.759394Z,PM-42-EAST,5.31,3.69,2873,0.079,25.6,0
fd70f012-ec84-4b53-b297-9e0bbda77ad4,2026-08-25T20:18:45.759394Z,PM-42-EAST,5.11,3.63,2992,0.059,23.0,0
102005bd-9fc4-487c-bf54-0611b5f9672f,2026-08-25T20:32:45.759394Z,PM-42-EAST,4.65,3.45,2920,0.091,36.6,0
7b6ed945-81e2-4096-84db-fd1784e5df80,2026-08-25T21:14:45.759394Z,PM-42-EAST,5.47,3.26,3086,0.118,23.7,0
9f109013-9c92-4227-aa1d-dcc063362381,2026-08-25T21:43:45.759394Z,PM-42-EAST,5.24,3.17,3030,0.149,39.1,0
02821a29-3793-4af3-b229-52afa60fba38,2026-08-25T22:08:45.759394Z,PM-42-EAST,4.53,3.32,3052,0.111,25.6,0
ce1d0f4f-7ad7-4eb8-aca7-f4f64a46c0d4,2026-08-25T23:00:45.759394Z,PM-42-EAST,4.79,3.11,2994,0.09,26.9,0
ab894291-5e9c-4be0-b166-c238422bd80e,2026-08-25T23:59:45.759394Z,PM-42-EAST,4.98,3.33,3017,0.051,27.5,0
54ce64da-c274-4757-bf67-5d63005d8473,2026-08-26T00:37:45.759394Z,PM-42-EAST,4.51,3.57,2811,0.08,33.7,0
07ab1a16-6f8a-44fa-819b-07fa8384837a,2026-08-26T01:05:45.759394Z,PM-42-EAST,4.81,3.1,2868,0.062,20.0,0
5fa5461d-63e7-4ea2-b486-a95cea6c6ab3,2026-08-26T01:27:45.759394Z,PM-42-EAST,5.04,3.31,3140,0.131,39.0,0
31556824-3b78-4f6a-b04e-bc74b2a9e97a,2026-08-26T02:20:45.759394Z,PM-42-EAST,5.37,3.23,3091,0.084,30.7,0
0b49f604-6781-4a54-9dcd-286dce2b6b64,2026-08-26T02:37:45.759394Z,PM-42-EAST,4.61,3.65,3053,0.149,20.8,0
79f3772a-fc51-4cf2-8689-c3d954953c61,2026-08-26T02:46:45.759394Z,PM-42-EAST,4.93,3.69,3067,0.071,21.7,0
72115e41-8f8c-4996-80f8-c9e9b2b573c7,2026-08-26T03:19:45.759394Z,PM-42-EAST,5.22,3.09,2867,0.134,21.3,0
06d77a5d-bdf1-4648-be68-83d7edc8f9fc,2026-08-26T04:17:45.759394Z,PM-42-EAST,4.92,3.66,2984,0.128,33.7,0
1d218684-ca91-44b5-beae-e3c9707b4f4a,2026-08-26T04:24:45.759394Z,PM-42-EAST,4.85,3.13,3096,0.132,22.2,0
fe44f7c3-4f21-40df-b3d6-12e52e35c026,2026-08-26T05:05:45.759394Z,PM-42-EAST,5.27,3.29,2803,0.114,21.2,0
d8701f65-4d79-4ad1-84a7-a6b1f5e2305c,2026-08-26T05:11:45.759394Z,PM-42-EAST,5.31,3.28,2882,0.057,22.1,0
8c2cfa74-5395-4b7e-9d13-624477618796,2026-08-26T05:33:45.759394Z,PM-42-EAST,4.57,3.27,2953,0.129,22.6,0
a94c6145-eb01-46e9-b2f8-7a1e572513e0,2026-08-26T05:41:45.759394Z,PM-42-EAST,4.97,3.15,3156,0.111,20.5,0
46595ccd-2302-4ee4-bc96-31df52c99d5d,2026-08-26T06:34:45.759394Z,PM-42-EAST,4.95,3.76,3084,0.112,18.6,0
4191ba7e-9954-4203-808d-36d01ac3341d,2026-08-26T07:29:45.759394Z,PM-42-EAST,4.81,3.1,2819,0.107,17.7,0
a62ac415-8f46-406c-a7ad-bc552be6e4a9,2026-08-26T07:58:45.759394Z,PM-42-EAST,5.45,3.64,2863,0.091,26.3,0
fdd7fe90-b634-4065-85a0-e3870816190d,2026-08-26T08:45:45.759394Z,PM-42-EAST,5.16,3.59,2968,0.13,32.2,1
2724dd8d-764d-4224-aa6f-ef7efcc4ee62,2026-08-26T09:10:45.759394Z,PM-42-EAST,5.6,4.24,3356,0.147,28.8,1
21d65671-0589-4a64-ba95-be8287290419,2026-08-26T09:22:45.759394Z,PM-42-EAST,6.52,4.05,3568,0.194,25.2,1
2e6e026a-22a6-4067-a3c4-7341172cf793,2026-08-26T10:16:45.759394Z,PM-42-EAST,6.26,4.66,3546,0.257,34.7,1
492d3416-6ff3-43e3-a855-31543af0931a,2026-08-26T10:40:45.759394Z,PM-42-EAST,6.45,4.18,3825,0.296,19.2,1
603be735-a7ba-434b-a7c3-aa2207872182,2026-08-26T11:07:45.759394Z,PM-42-EAST,7.44,4.97,3851,0.334,17.2,1
0060ad8d-26f0-4dd2-b79a-916db574fa4b,2026-08-26T11:16:45.759394Z,PM-42-EAST,7.71,4.83,4174,0.354,39.3,1
2ac35847-56a0-4223-9410-47bc9fea1580,2026-08-26T11:24:45.759394Z,PM-42-EAST,8.08,5.66,4369,0.344,23.7,1
985ff2a9-bd15-4518-b3c0-2819c22cc6ee,2026-08-26T12:24:45.759394Z,PM-42-EAST,4.73,3.2,2920,0.105,20.8,0
6148fd74-3d58-445c-89ef-43e3fa861c51,2026-08-26T12:54:45.759394Z,PM-42-EAST,5.22,3.49,2969,0.139,37.0,0
6cbd5863-ef09-4e84-bbdc-39074be6b83c,2026-08-26T13:43:45.759394Z,PM-42-EAST,5.38,3.22,3007,0.135,24.4,0
36d21ed8-44f5-413b-8fdc-87e278f04c36,2026-08-26T13:53:45.759394Z,PM-42-EAST,4.81,3.34,2869,0.148,38.0,0
4b8ac5fa-ada3-4617-8f02-7f082d83bc17,2026-08-26T14:24:45.759394Z,PM-42-EAST,4.57,3.76,2921,0.076,30.1,0
2e501d06-3965-4a99-b63f-fa8341b5cb14,2026-08-26T15:22:45.759394Z,PM-42-EAST,4.67,3.77,2861,0.093,39.1,0
dcb93653-cc05-46e2-aa17-3649687f220d,2026-08-26T16:03:45.759394Z,PM-42-EAST,5.22,3.54,3126,0.08,27.7,0
